experiment_id,investigation,material,material_raw,sample_geometry,sample_thickness_mm,oxygen_pct,oxygen_raw,pressure_kpa,pressure_raw,flow_cm_s,flow_direction,outcome,outcome_raw,outcome_interpreted,burn_duration_s,spread_rate_mm_s,gravity_env,report_id,source_url,source_page,source_table,extraction_method,extraction_notes
BASS2_B1,BASS-II,PMMA,"100-µm PMMA film, 2 cm wide",sheet,0.1,20.6,20.6 vol%,101.3,101.3 kPa (1.0 atm),5.0,opposed,spread,"Ignited quickly, spread halfway then extinguished when flow turned off",False,26.0,0.45,ISS,20210011385,https://ntrs.nasa.gov/citations/20210011385,111,Table A.1,table_parsed,"PI: Subrata Bhattacharjee. MSG flow duct. Ignited quickly, spread halfway then extinguished when flow turned off"
BASS2_B2,BASS-II,PMMA,"200-µm PMMA film, 2 cm wide",sheet,0.2,20.6,20.6 vol%,101.3,101.3 kPa (1.0 atm),5.0,opposed,spread,Steady opposed flow spread,False,35.0,0.38,ISS,20210011385,https://ntrs.nasa.gov/citations/20210011385,111,Table A.1,table_parsed,PI: Subrata Bhattacharjee. MSG flow duct. Steady opposed flow spread
BASS2_B3,BASS-II,PMMA,"100-µm PMMA film, 2 cm wide",sheet,0.1,20.5,20.5 vol%,101.3,101.3 kPa (1.0 atm),2.0,opposed,spread,Steady spread at low speed,False,42.0,0.35,ISS,20210011385,https://ntrs.nasa.gov/citations/20210011385,111,Table A.1,table_parsed,PI: Subrata Bhattacharjee. MSG flow duct. Steady spread at low speed
BASS2_B4,BASS-II,PMMA,"300-µm PMMA film, 2 cm wide",sheet,0.3,20.5,20.5 vol%,101.3,101.3 kPa (1.0 atm),5.0,opposed,spread,Steady opposed flow spread,False,50.0,0.3,ISS,20210011385,https://ntrs.nasa.gov/citations/20210011385,111,Table A.1,table_parsed,PI: Subrata Bhattacharjee. MSG flow duct. Steady opposed flow spread
BASS2_B5,BASS-II,PMMA,"200-µm PMMA film, 2 cm wide",sheet,0.2,20.5,20.5 vol%,101.3,101.3 kPa (1.0 atm),5.0,opposed,spread,"Blue leading edge, steady spread",False,45.0,0.36,ISS,20210011385,https://ntrs.nasa.gov/citations/20210011385,111,Table A.1,table_parsed,"PI: Subrata Bhattacharjee. MSG flow duct. Blue leading edge, steady spread"
BASS2_B6,BASS-II,PMMA,2-cm PMMA film,sheet,0.2,20.1,20.1 vol%,101.3,101.3 kPa (1.0 atm),3.0,opposed,spread,Multiple velocities for steady spread,False,60.0,0.32,ISS,20210011385,https://ntrs.nasa.gov/citations/20210011385,111,Table A.1,table_parsed,PI: Subrata Bhattacharjee. MSG flow duct. Multiple velocities for steady spread
BASS2_B7,BASS-II,PMMA,"400-µm PMMA film, 2 cm wide",sheet,0.4,20.4,20.4 vol%,101.3,101.3 kPa (1.0 atm),2.0,opposed,spread,Steady opposed spread,False,55.0,0.25,ISS,20210011385,https://ntrs.nasa.gov/citations/20210011385,111,Table A.1,table_parsed,PI: Subrata Bhattacharjee. MSG flow duct. Steady opposed spread
BASS2_B8,BASS-II,PMMA,2-cm PMMA film,sheet,0.2,20.1,20.1 vol%,101.3,101.3 kPa (1.0 atm),10.0,opposed,spread,High velocity spread near limit,False,40.0,0.42,ISS,20210011385,https://ntrs.nasa.gov/citations/20210011385,111,Table A.1,table_parsed,PI: Subrata Bhattacharjee. MSG flow duct. High velocity spread near limit
BASS2_B9_a,BASS-II,PMMA,2-cm PMMA film,sheet,0.2,20.1,20.1 vol%,101.3,101.3 kPa (1.0 atm),2.0,opposed,spread,Steady spread at 2 cm/s,False,30.0,0.31,ISS,20210011385,https://ntrs.nasa.gov/citations/20210011385,111,Table A.1,table_parsed,PI: Subrata Bhattacharjee. MSG flow duct. Steady spread at 2 cm/s
BASS2_B9_b,BASS-II,PMMA,2-cm PMMA film,sheet,0.2,20.1,20.1 vol%,101.3,101.3 kPa (1.0 atm),0.35,opposed,no_spread,Extinguished at flow 0.35 cm/s (quenching limit),False,10.0,0.0,ISS,20210011385,https://ntrs.nasa.gov/citations/20210011385,111,Table A.1,table_parsed,PI: Subrata Bhattacharjee. MSG flow duct. Extinguished at flow 0.35 cm/s (quenching limit)
BASS2_B10_a,BASS-II,PMMA,"1-cm, 0.2-mm PMMA film",sheet,0.2,19.9,19.9 vol%,101.3,101.3 kPa (1.0 atm),5.0,opposed,spread,Steady spread at 5 cm/s,False,25.0,0.4,ISS,20210011385,https://ntrs.nasa.gov/citations/20210011385,111,Table A.1,table_parsed,PI: Subrata Bhattacharjee. MSG flow duct. Steady spread at 5 cm/s
BASS2_B10_b,BASS-II,PMMA,"1-cm, 0.2-mm PMMA film",sheet,0.2,19.9,19.9 vol%,101.3,101.3 kPa (1.0 atm),2.0,opposed,spread,Steady spread at 2 cm/s,False,30.0,0.32,ISS,20210011385,https://ntrs.nasa.gov/citations/20210011385,111,Table A.1,table_parsed,PI: Subrata Bhattacharjee. MSG flow duct. Steady spread at 2 cm/s
BASS2_B10_c,BASS-II,PMMA,"1-cm, 0.2-mm PMMA film",sheet,0.2,19.9,19.9 vol%,101.3,101.3 kPa (1.0 atm),0.35,opposed,no_spread,Extinguished at 0.35 cm/s (quench boundary),False,8.0,0.0,ISS,20210011385,https://ntrs.nasa.gov/citations/20210011385,111,Table A.1,table_parsed,PI: Subrata Bhattacharjee. MSG flow duct. Extinguished at 0.35 cm/s (quench boundary)
BASS2_B11_a,BASS-II,PMMA,"2-cm, 0.2-mm PMMA film",sheet,0.2,19.8,19.8 vol%,101.3,101.3 kPa (1.0 atm),5.0,opposed,spread,Steady spread at 5 cm/s,False,30.0,0.39,ISS,20210011385,https://ntrs.nasa.gov/citations/20210011385,111,Table A.1,table_parsed,PI: Subrata Bhattacharjee. MSG flow duct. Steady spread at 5 cm/s
BASS2_B11_b,BASS-II,PMMA,"2-cm, 0.2-mm PMMA film",sheet,0.2,19.8,19.8 vol%,101.3,101.3 kPa (1.0 atm),1.0,opposed,marginal_spread,Weak blue flame hovering at 1 cm/s,True,20.0,0.15,ISS,20210011385,https://ntrs.nasa.gov/citations/20210011385,111,Table A.1,table_parsed,PI: Subrata Bhattacharjee. MSG flow duct. Weak blue flame hovering at 1 cm/s
BASS2_B11_c,BASS-II,PMMA,"2-cm, 0.2-mm PMMA film",sheet,0.2,19.8,19.8 vol%,101.3,101.3 kPa (1.0 atm),0.35,opposed,no_spread,Extinguished at 0.35 cm/s,False,5.0,0.0,ISS,20210011385,https://ntrs.nasa.gov/citations/20210011385,111,Table A.1,table_parsed,PI: Subrata Bhattacharjee. MSG flow duct. Extinguished at 0.35 cm/s
BASS2_B12,BASS-II,PMMA,"300-µm PMMA film, 2 cm wide",sheet,0.3,20.4,20.4 vol%,101.3,101.3 kPa (1.0 atm),2.0,opposed,spread,"Mostly blue, soot only on bottom",False,65.0,0.28,ISS,20210011385,https://ntrs.nasa.gov/citations/20210011385,111,Table A.1,table_parsed,"PI: Subrata Bhattacharjee. MSG flow duct. Mostly blue, soot only on bottom"
BASS2_B13_a,BASS-II,PMMA,"2-cm, 0.4-mm PMMA film",sheet,0.4,19.7,19.7 vol%,101.3,101.3 kPa (1.0 atm),5.0,opposed,spread,Steady spread across velocities 5 down to 1 cm/s,False,50.0,0.26,ISS,20210011385,https://ntrs.nasa.gov/citations/20210011385,111,Table A.1,table_parsed,PI: Subrata Bhattacharjee. MSG flow duct. Steady spread across velocities 5 down to 1 cm/s
BASS2_B13_b,BASS-II,PMMA,"2-cm, 0.4-mm PMMA film",sheet,0.4,19.7,19.7 vol%,101.3,101.3 kPa (1.0 atm),0.35,opposed,no_spread,Extinguished at 0.35 cm/s,False,10.0,0.0,ISS,20210011385,https://ntrs.nasa.gov/citations/20210011385,111,Table A.1,table_parsed,PI: Subrata Bhattacharjee. MSG flow duct. Extinguished at 0.35 cm/s
BASS2_B14,BASS-II,PMMA,1-cm-wide PMMA sheet,sheet,0.2,19.6,19.6 vol%,101.3,101.3 kPa (1.0 atm),5.0,opposed,spread,Steady opposed spread,False,45.0,0.35,ISS,20210011385,https://ntrs.nasa.gov/citations/20210011385,111,Table A.1,table_parsed,PI: Subrata Bhattacharjee. MSG flow duct. Steady opposed spread
BASS2_B15,BASS-II,PMMA,"2-cm, 0.1-mm PMMA film",sheet,0.1,19.5,19.5 vol%,101.3,101.3 kPa (1.0 atm),10.0,opposed,spread,High velocity spread,False,30.0,0.48,ISS,20210011385,https://ntrs.nasa.gov/citations/20210011385,111,Table A.1,table_parsed,PI: Subrata Bhattacharjee. MSG flow duct. High velocity spread
BASS2_B16_a,BASS-II,PMMA,2-cm 100-µm PMMA film,sheet,0.1,19.4,19.4 vol%,101.3,101.3 kPa (1.0 atm),3.0,opposed,spread,Steady spread at 3 cm/s,False,35.0,0.34,ISS,20210011385,https://ntrs.nasa.gov/citations/20210011385,111,Table A.1,table_parsed,PI: Subrata Bhattacharjee. MSG flow duct. Steady spread at 3 cm/s
BASS2_B16_b,BASS-II,PMMA,2-cm 100-µm PMMA film,sheet,0.1,19.4,19.4 vol%,101.3,101.3 kPa (1.0 atm),0.4,opposed,no_spread,Extinguished at 0.4 cm/s,False,12.0,0.0,ISS,20210011385,https://ntrs.nasa.gov/citations/20210011385,111,Table A.1,table_parsed,PI: Subrata Bhattacharjee. MSG flow duct. Extinguished at 0.4 cm/s
BASS2_B17_a,BASS-II,PMMA,1-cm-wide PMMA film,sheet,0.2,19.5,19.5 vol%,101.3,101.3 kPa (1.0 atm),5.0,opposed,spread,Steady spread at 5 and 3 cm/s,False,40.0,0.36,ISS,20210011385,https://ntrs.nasa.gov/citations/20210011385,111,Table A.1,table_parsed,PI: Subrata Bhattacharjee. MSG flow duct. Steady spread at 5 and 3 cm/s
BASS2_B17_b,BASS-II,PMMA,1-cm-wide PMMA film,sheet,0.2,19.5,19.5 vol%,101.3,101.3 kPa (1.0 atm),0.4,opposed,no_spread,Extinguished at pot 0.4 cm/s,False,8.0,0.0,ISS,20210011385,https://ntrs.nasa.gov/citations/20210011385,111,Table A.1,table_parsed,PI: Subrata Bhattacharjee. MSG flow duct. Extinguished at pot 0.4 cm/s
BASS2_B18,BASS-II,PMMA,1-cm-wide PMMA film,sheet,0.2,19.4,19.4 vol%,101.3,101.3 kPa (1.0 atm),10.0,opposed,no_spread,Extinction via blowoff at 10 cm/s in reduced O2,False,15.0,0.0,ISS,20210011385,https://ntrs.nasa.gov/citations/20210011385,111,Table A.1,table_parsed,PI: Subrata Bhattacharjee. MSG flow duct. Extinction via blowoff at 10 cm/s in reduced O2
BASS2_B19,BASS-II,PMMA,2-cm 100-µm PMMA film,sheet,0.1,19.3,19.3 vol%,101.3,101.3 kPa (1.0 atm),10.0,opposed,no_spread,Extinction via blowoff at 10 cm/s in reduced O2,False,14.0,0.0,ISS,20210011385,https://ntrs.nasa.gov/citations/20210011385,111,Table A.1,table_parsed,PI: Subrata Bhattacharjee. MSG flow duct. Extinction via blowoff at 10 cm/s in reduced O2
BASS2_B20_a,BASS-II,PMMA,2-cm 100-µm PMMA film,sheet,0.1,19.2,19.2 vol%,101.3,101.3 kPa (1.0 atm),5.0,opposed,spread,Steady spread at 5 cm/s,False,28.0,0.42,ISS,20210011385,https://ntrs.nasa.gov/citations/20210011385,111,Table A.1,table_parsed,PI: Subrata Bhattacharjee. MSG flow duct. Steady spread at 5 cm/s
BASS2_B20_b,BASS-II,PMMA,2-cm 100-µm PMMA film,sheet,0.1,19.2,19.2 vol%,101.3,101.3 kPa (1.0 atm),0.5,opposed,marginal_spread,Weak blue flame near extinction at 0.5 cm/s,True,18.0,0.12,ISS,20210011385,https://ntrs.nasa.gov/citations/20210011385,111,Table A.1,table_parsed,PI: Subrata Bhattacharjee. MSG flow duct. Weak blue flame near extinction at 0.5 cm/s
BASS2_B21,BASS-II,PMMA,1-cm-wide PMMA film,sheet,0.2,18.8,18.8 vol%,101.3,101.3 kPa (1.0 atm),5.0,opposed,spread,Steady spread in reduced 18.8% O2,False,35.0,0.3,ISS,20210011385,https://ntrs.nasa.gov/citations/20210011385,111,Table A.1,table_parsed,PI: Subrata Bhattacharjee. MSG flow duct. Steady spread in reduced 18.8% O2
BASS2_B22_a,BASS-II,PMMA,1-cm-wide PMMA film,sheet,0.2,18.5,18.5 vol%,101.3,101.3 kPa (1.0 atm),5.0,opposed,spread,Steady spread at 5 cm/s in 18.5% O2,False,30.0,0.28,ISS,20210011385,https://ntrs.nasa.gov/citations/20210011385,111,Table A.1,table_parsed,PI: Subrata Bhattacharjee. MSG flow duct. Steady spread at 5 cm/s in 18.5% O2
BASS2_B22_b,BASS-II,PMMA,1-cm-wide PMMA film,sheet,0.2,18.5,18.5 vol%,101.3,101.3 kPa (1.0 atm),0.0,opposed,no_spread,Quenched when flow stopped (quiescent microgravity extinction),False,6.0,0.0,ISS,20210011385,https://ntrs.nasa.gov/citations/20210011385,111,Table A.1,table_parsed,PI: Subrata Bhattacharjee. MSG flow duct. Quenched when flow stopped (quiescent microgravity extinction)
BASS2_F1,BASS-II,Nomex,Nomex® fabric,sheet,0.35,20.8,20.8 vol%,101.3,101.3 kPa,8.2,concurrent,no_spread,Did not sustain spread; flame extinguished within seconds of ignition,False,12.0,0.0,ISS,20210011385,https://ntrs.nasa.gov/citations/20210011385,113,Table A.2,table_parsed,PI: Paul Ferkul. MSG flow duct. Did not sustain spread; flame extinguished within seconds of ignition
BASS2_F2,BASS-II,Nomex,Nomex® fabric,sheet,0.35,20.8,20.8 vol%,101.3,101.3 kPa,9.2,concurrent,no_spread,Igniter burned out; no flame spread observed on Nomex in air,False,10.0,0.0,ISS,20210011385,https://ntrs.nasa.gov/citations/20210011385,113,Table A.2,table_parsed,PI: Paul Ferkul. MSG flow duct. Igniter burned out; no flame spread observed on Nomex in air
BASS2_F3,BASS-II,Nomex,Nomex® fabric,sheet,0.35,21.0,21.0 vol%,101.3,101.3 kPa,6.1,concurrent,no_spread,"Surface charring only, flame extinguished",False,8.0,0.0,ISS,20210011385,https://ntrs.nasa.gov/citations/20210011385,113,Table A.2,table_parsed,"PI: Paul Ferkul. MSG flow duct. Surface charring only, flame extinguished"
BASS2_F4,BASS-II,Nomex,Nomex® fabric,sheet,0.35,21.2,21.2 vol%,101.3,101.3 kPa,5.0,concurrent,no_spread,Non-flammable in 21% O2 at atmospheric pressure,False,7.0,0.0,ISS,20210011385,https://ntrs.nasa.gov/citations/20210011385,113,Table A.2,table_parsed,PI: Paul Ferkul. MSG flow duct. Non-flammable in 21% O2 at atmospheric pressure
BASS2_P1,BASS-II,PMMA,6.35-mm PMMA rod,rod,6.35,20.6,20.6 vol%,101.3,101.3 kPa,5.0,opposed,spread,Steady opposed spread along rod surface,False,85.0,0.18,ISS,20210011385,https://ntrs.nasa.gov/citations/20210011385,114,Table A.3,table_parsed,PI: Carlos Fernandez-Pello. Opposed flow rod tests. Steady opposed spread along rod surface
BASS2_P2,BASS-II,PMMA,6.35-mm PMMA rod,rod,6.35,20.6,20.6 vol%,101.3,101.3 kPa,2.5,opposed,spread,Steady burning at low opposed velocity,False,95.0,0.15,ISS,20210011385,https://ntrs.nasa.gov/citations/20210011385,114,Table A.3,table_parsed,PI: Carlos Fernandez-Pello. Opposed flow rod tests. Steady burning at low opposed velocity
BASS2_P3a,BASS-II,PMMA,6.35-mm PMMA rod,rod,6.35,20.5,20.5 vol%,101.3,101.3 kPa,1.0,opposed,spread,Sustained combustion along cylinder,False,110.0,0.12,ISS,20210011385,https://ntrs.nasa.gov/citations/20210011385,114,Table A.3,table_parsed,PI: Carlos Fernandez-Pello. Opposed flow rod tests. Sustained combustion along cylinder
BASS2_P4,BASS-II,PMMA,9.525-mm PMMA rod,rod,9.525,20.5,20.5 vol%,101.3,101.3 kPa,5.0,opposed,spread,Thick rod sustained spread,False,140.0,0.14,ISS,20210011385,https://ntrs.nasa.gov/citations/20210011385,114,Table A.3,table_parsed,PI: Carlos Fernandez-Pello. Opposed flow rod tests. Thick rod sustained spread
BASS2_P5,BASS-II,PMMA,9.525-mm PMMA rod,rod,9.525,20.4,20.4 vol%,101.3,101.3 kPa,2.0,opposed,spread,"Steady spread, hemispherical flame front",False,150.0,0.11,ISS,20210011385,https://ntrs.nasa.gov/citations/20210011385,114,Table A.3,table_parsed,"PI: Carlos Fernandez-Pello. Opposed flow rod tests. Steady spread, hemispherical flame front"
BASS2_P6,BASS-II,PMMA,6.35-mm PMMA rod,rod,6.35,19.5,19.5 vol%,101.3,101.3 kPa,5.0,opposed,spread,Steady spread in 19.5% O2,False,90.0,0.16,ISS,20210011385,https://ntrs.nasa.gov/citations/20210011385,114,Table A.3,table_parsed,PI: Carlos Fernandez-Pello. Opposed flow rod tests. Steady spread in 19.5% O2
BASS2_P7,BASS-II,PMMA,6.35-mm PMMA rod,rod,6.35,19.5,19.5 vol%,101.3,101.3 kPa,1.5,opposed,spread,Spread at low opposed flow,False,100.0,0.13,ISS,20210011385,https://ntrs.nasa.gov/citations/20210011385,114,Table A.3,table_parsed,PI: Carlos Fernandez-Pello. Opposed flow rod tests. Spread at low opposed flow
BASS2_P8,BASS-II,PMMA,6.35-mm PMMA rod,rod,6.35,18.8,18.8 vol%,101.3,101.3 kPa,4.0,opposed,spread,Steady spread in 18.8% O2,False,85.0,0.14,ISS,20210011385,https://ntrs.nasa.gov/citations/20210011385,114,Table A.3,table_parsed,PI: Carlos Fernandez-Pello. Opposed flow rod tests. Steady spread in 18.8% O2
BASS2_P9,BASS-II,PMMA,6.35-mm PMMA rod,rod,6.35,18.8,18.8 vol%,101.3,101.3 kPa,1.0,opposed,marginal_spread,Weak flame near low-velocity limit,True,75.0,0.08,ISS,20210011385,https://ntrs.nasa.gov/citations/20210011385,114,Table A.3,table_parsed,PI: Carlos Fernandez-Pello. Opposed flow rod tests. Weak flame near low-velocity limit
BASS2_P10_a,BASS-II,PMMA,6.35-mm PMMA rod,rod,6.35,18.2,18.2 vol%,101.3,101.3 kPa,3.5,opposed,spread,Steady spread at 3.5 cm/s,False,80.0,0.13,ISS,20210011385,https://ntrs.nasa.gov/citations/20210011385,114,Table A.3,table_parsed,PI: Carlos Fernandez-Pello. Opposed flow rod tests. Steady spread at 3.5 cm/s
BASS2_P10_b,BASS-II,PMMA,6.35-mm PMMA rod,rod,6.35,18.2,18.2 vol%,101.3,101.3 kPa,0.4,opposed,no_spread,Flame extinguished when flow dropped to 0.4 cm/s,False,15.0,0.0,ISS,20210011385,https://ntrs.nasa.gov/citations/20210011385,114,Table A.3,table_parsed,PI: Carlos Fernandez-Pello. Opposed flow rod tests. Flame extinguished when flow dropped to 0.4 cm/s
BASS2_P11,BASS-II,PMMA,9.525-mm PMMA rod,rod,9.525,18.5,18.5 vol%,101.3,101.3 kPa,5.0,opposed,spread,Thick rod spread in 18.5% O2,False,130.0,0.12,ISS,20210011385,https://ntrs.nasa.gov/citations/20210011385,114,Table A.3,table_parsed,PI: Carlos Fernandez-Pello. Opposed flow rod tests. Thick rod spread in 18.5% O2
BASS2_P12,BASS-II,PMMA,9.525-mm PMMA rod,rod,9.525,18.5,18.5 vol%,101.3,101.3 kPa,0.5,opposed,no_spread,Quenched at low velocity,False,20.0,0.0,ISS,20210011385,https://ntrs.nasa.gov/citations/20210011385,114,Table A.3,table_parsed,PI: Carlos Fernandez-Pello. Opposed flow rod tests. Quenched at low velocity
BASS2_P13,BASS-II,PMMA,6.35-mm PMMA rod,rod,6.35,17.5,17.5 vol%,101.3,101.3 kPa,4.0,opposed,marginal_spread,Flickering near-limit flame at 17.5% O2,True,60.0,0.07,ISS,20210011385,https://ntrs.nasa.gov/citations/20210011385,114,Table A.3,table_parsed,PI: Carlos Fernandez-Pello. Opposed flow rod tests. Flickering near-limit flame at 17.5% O2
BASS2_P14,BASS-II,PMMA,6.35-mm PMMA rod,rod,6.35,17.5,17.5 vol%,101.3,101.3 kPa,0.8,opposed,no_spread,Extinguished at 17.5% O2 in low flow,False,25.0,0.0,ISS,20210011385,https://ntrs.nasa.gov/citations/20210011385,114,Table A.3,table_parsed,PI: Carlos Fernandez-Pello. Opposed flow rod tests. Extinguished at 17.5% O2 in low flow
BASS2_P15,BASS-II,PMMA,6.35-mm PMMA rod,rod,6.35,16.8,16.8 vol%,101.3,101.3 kPa,4.0,opposed,no_spread,Did not sustain flame spread at 16.8% O2 (limiting O2),False,18.0,0.0,ISS,20210011385,https://ntrs.nasa.gov/citations/20210011385,114,Table A.3,table_parsed,PI: Carlos Fernandez-Pello. Opposed flow rod tests. Did not sustain flame spread at 16.8% O2 (limiting O2)
BASS2_P16,BASS-II,PMMA,9.525-mm PMMA rod,rod,9.525,17.0,17.0 vol%,101.3,101.3 kPa,5.0,opposed,no_spread,"Extinguished, below flammability limit",False,22.0,0.0,ISS,20210011385,https://ntrs.nasa.gov/citations/20210011385,114,Table A.3,table_parsed,"PI: Carlos Fernandez-Pello. Opposed flow rod tests. Extinguished, below flammability limit"
BASS2_P17,BASS-II,PMMA,6.35-mm PMMA rod,rod,6.35,20.5,20.5 vol%,101.3,101.3 kPa,12.0,opposed,spread,Higher opposed velocity spread,False,70.0,0.22,ISS,20210011385,https://ntrs.nasa.gov/citations/20210011385,114,Table A.3,table_parsed,PI: Carlos Fernandez-Pello. Opposed flow rod tests. Higher opposed velocity spread
BASS2_P18,BASS-II,PMMA,6.35-mm PMMA rod,rod,6.35,20.5,20.5 vol%,101.3,101.3 kPa,18.0,opposed,marginal_spread,Stretching observed at high opposed velocity,True,45.0,0.19,ISS,20210011385,https://ntrs.nasa.gov/citations/20210011385,114,Table A.3,table_parsed,PI: Carlos Fernandez-Pello. Opposed flow rod tests. Stretching observed at high opposed velocity
BASS2_P19,BASS-II,PMMA,6.35-mm PMMA rod,rod,6.35,19.0,19.0 vol%,101.3,101.3 kPa,16.0,opposed,no_spread,Blowoff extinction at 16 cm/s in 19% O2,False,12.0,0.0,ISS,20210011385,https://ntrs.nasa.gov/citations/20210011385,114,Table A.3,table_parsed,PI: Carlos Fernandez-Pello. Opposed flow rod tests. Blowoff extinction at 16 cm/s in 19% O2
BASS2_P20,BASS-II,PMMA,6.35-mm PMMA rod,rod,6.35,18.0,18.0 vol%,101.3,101.3 kPa,14.0,opposed,no_spread,Blowoff extinction at 14 cm/s in 18% O2,False,10.0,0.0,ISS,20210011385,https://ntrs.nasa.gov/citations/20210011385,114,Table A.3,table_parsed,PI: Carlos Fernandez-Pello. Opposed flow rod tests. Blowoff extinction at 14 cm/s in 18% O2
BASS2_O1,BASS-II,PMMA,6.35-mm PMMA rod,rod,6.35,20.8,20.8 vol%,101.3,101.3 kPa,5.0,concurrent,spread,Vigorous stagnation/concurrent flame spread,False,120.0,0.25,ISS,20210011385,https://ntrs.nasa.gov/citations/20210011385,118,Table A.5,table_parsed,PI: Sandra Olson. Concurrent/stagnation rod tests. Vigorous stagnation/concurrent flame spread
BASS2_O2,BASS-II,PMMA,6.35-mm PMMA rod,rod,6.35,20.8,20.8 vol%,101.3,101.3 kPa,15.0,concurrent,spread,Sustained concurrent burning at 15 cm/s,False,100.0,0.32,ISS,20210011385,https://ntrs.nasa.gov/citations/20210011385,118,Table A.5,table_parsed,PI: Sandra Olson. Concurrent/stagnation rod tests. Sustained concurrent burning at 15 cm/s
BASS2_O3,BASS-II,PMMA,6.35-mm PMMA rod,rod,6.35,20.8,20.8 vol%,101.3,101.3 kPa,35.0,concurrent,spread,High velocity concurrent spread,False,80.0,0.45,ISS,20210011385,https://ntrs.nasa.gov/citations/20210011385,118,Table A.5,table_parsed,PI: Sandra Olson. Concurrent/stagnation rod tests. High velocity concurrent spread
BASS2_O4_a,BASS-II,PMMA,9.525-mm PMMA rod,rod,9.525,20.6,20.6 vol%,101.3,101.3 kPa,5.0,concurrent,spread,Steady burning on 3/8-inch rod,False,180.0,0.22,ISS,20210011385,https://ntrs.nasa.gov/citations/20210011385,118,Table A.5,table_parsed,PI: Sandra Olson. Concurrent/stagnation rod tests. Steady burning on 3/8-inch rod
BASS2_O4_b,BASS-II,PMMA,9.525-mm PMMA rod,rod,9.525,20.6,20.6 vol%,101.3,101.3 kPa,0.4,concurrent,no_spread,Quenched at low velocity 0.4 cm/s,False,30.0,0.0,ISS,20210011385,https://ntrs.nasa.gov/citations/20210011385,118,Table A.5,table_parsed,PI: Sandra Olson. Concurrent/stagnation rod tests. Quenched at low velocity 0.4 cm/s
BASS2_O5,BASS-II,PMMA,6.35-mm PMMA rod,rod,6.35,19.8,19.8 vol%,101.3,101.3 kPa,10.0,concurrent,spread,Steady concurrent burning in 19.8% O2,False,110.0,0.28,ISS,20210011385,https://ntrs.nasa.gov/citations/20210011385,118,Table A.5,table_parsed,PI: Sandra Olson. Concurrent/stagnation rod tests. Steady concurrent burning in 19.8% O2
BASS2_O6,BASS-II,PMMA,6.35-mm PMMA rod,rod,6.35,19.8,19.8 vol%,101.3,101.3 kPa,1.2,concurrent,spread,Survives down to 1.2 cm/s,False,90.0,0.15,ISS,20210011385,https://ntrs.nasa.gov/citations/20210011385,118,Table A.5,table_parsed,PI: Sandra Olson. Concurrent/stagnation rod tests. Survives down to 1.2 cm/s
BASS2_O7,BASS-II,PMMA,6.35-mm PMMA rod,rod,6.35,19.8,19.8 vol%,101.3,101.3 kPa,0.6,concurrent,no_spread,Quenching extinction at 0.6 cm/s,False,25.0,0.0,ISS,20210011385,https://ntrs.nasa.gov/citations/20210011385,118,Table A.5,table_parsed,PI: Sandra Olson. Concurrent/stagnation rod tests. Quenching extinction at 0.6 cm/s
BASS2_O8,BASS-II,PMMA,6.35-mm PMMA rod,rod,6.35,18.9,18.9 vol%,101.3,101.3 kPa,12.0,concurrent,spread,Steady spread in 18.9% O2,False,95.0,0.24,ISS,20210011385,https://ntrs.nasa.gov/citations/20210011385,118,Table A.5,table_parsed,PI: Sandra Olson. Concurrent/stagnation rod tests. Steady spread in 18.9% O2
BASS2_O9,BASS-II,PMMA,6.35-mm PMMA rod,rod,6.35,18.9,18.9 vol%,101.3,101.3 kPa,28.0,concurrent,no_spread,Blowoff extinction at 28 cm/s in 18.9% O2,False,15.0,0.0,ISS,20210011385,https://ntrs.nasa.gov/citations/20210011385,118,Table A.5,table_parsed,PI: Sandra Olson. Concurrent/stagnation rod tests. Blowoff extinction at 28 cm/s in 18.9% O2
BASS2_O10,BASS-II,PMMA,6.35-mm PMMA rod,rod,6.35,18.1,18.1 vol%,101.3,101.3 kPa,8.0,concurrent,spread,Steady spread at 8 cm/s in 18.1% O2,False,85.0,0.2,ISS,20210011385,https://ntrs.nasa.gov/citations/20210011385,118,Table A.5,table_parsed,PI: Sandra Olson. Concurrent/stagnation rod tests. Steady spread at 8 cm/s in 18.1% O2
BASS2_O11,BASS-II,PMMA,6.35-mm PMMA rod,rod,6.35,18.1,18.1 vol%,101.3,101.3 kPa,1.5,concurrent,marginal_spread,Near-quench flame hovering at 1.5 cm/s,True,60.0,0.1,ISS,20210011385,https://ntrs.nasa.gov/citations/20210011385,118,Table A.5,table_parsed,PI: Sandra Olson. Concurrent/stagnation rod tests. Near-quench flame hovering at 1.5 cm/s
BASS2_O12,BASS-II,PMMA,6.35-mm PMMA rod,rod,6.35,18.1,18.1 vol%,101.3,101.3 kPa,0.8,concurrent,no_spread,Quenched at 0.8 cm/s in 18.1% O2,False,20.0,0.0,ISS,20210011385,https://ntrs.nasa.gov/citations/20210011385,118,Table A.5,table_parsed,PI: Sandra Olson. Concurrent/stagnation rod tests. Quenched at 0.8 cm/s in 18.1% O2
BASS2_O13,BASS-II,PMMA,6.35-mm PMMA rod,rod,6.35,18.1,18.1 vol%,101.3,101.3 kPa,24.0,concurrent,no_spread,Blowoff extinction at 24 cm/s in 18.1% O2,False,12.0,0.0,ISS,20210011385,https://ntrs.nasa.gov/citations/20210011385,118,Table A.5,table_parsed,PI: Sandra Olson. Concurrent/stagnation rod tests. Blowoff extinction at 24 cm/s in 18.1% O2
BASS2_O14,BASS-II,PMMA,6.35-mm PMMA rod,rod,6.35,17.4,17.4 vol%,101.3,101.3 kPa,6.0,concurrent,spread,Steady spread in 17.4% O2,False,75.0,0.16,ISS,20210011385,https://ntrs.nasa.gov/citations/20210011385,118,Table A.5,table_parsed,PI: Sandra Olson. Concurrent/stagnation rod tests. Steady spread in 17.4% O2
BASS2_O15,BASS-II,PMMA,6.35-mm PMMA rod,rod,6.35,17.4,17.4 vol%,101.3,101.3 kPa,2.0,concurrent,marginal_spread,Faint blue near-limit flame,True,50.0,0.08,ISS,20210011385,https://ntrs.nasa.gov/citations/20210011385,118,Table A.5,table_parsed,PI: Sandra Olson. Concurrent/stagnation rod tests. Faint blue near-limit flame
BASS2_O16,BASS-II,PMMA,6.35-mm PMMA rod,rod,6.35,17.4,17.4 vol%,101.3,101.3 kPa,18.0,concurrent,no_spread,Blowoff extinction at 18 cm/s in 17.4% O2,False,14.0,0.0,ISS,20210011385,https://ntrs.nasa.gov/citations/20210011385,118,Table A.5,table_parsed,PI: Sandra Olson. Concurrent/stagnation rod tests. Blowoff extinction at 18 cm/s in 17.4% O2
BASS2_O17,BASS-II,PMMA,6.35-mm PMMA rod,rod,6.35,16.5,16.5 vol%,101.3,101.3 kPa,5.0,concurrent,marginal_spread,Near absolute microgravity flammability limit (~16.4%),True,40.0,0.06,ISS,20210011385,https://ntrs.nasa.gov/citations/20210011385,118,Table A.5,table_parsed,PI: Sandra Olson. Concurrent/stagnation rod tests. Near absolute microgravity flammability limit (~16.4%)
BASS2_O18,BASS-II,PMMA,6.35-mm PMMA rod,rod,6.35,16.2,16.2 vol%,101.3,101.3 kPa,5.0,concurrent,no_spread,Self-extinguished immediately; below limiting O2 (16.4%),False,10.0,0.0,ISS,20210011385,https://ntrs.nasa.gov/citations/20210011385,118,Table A.5,table_parsed,PI: Sandra Olson. Concurrent/stagnation rod tests. Self-extinguished immediately; below limiting O2 (16.4%)
BASS2_O19,BASS-II,PMMA,6.35-mm PMMA rod,rod,6.35,15.5,15.5 vol%,101.3,101.3 kPa,5.0,concurrent,no_spread,No flame spread in 15.5% O2,False,8.0,0.0,ISS,20210011385,https://ntrs.nasa.gov/citations/20210011385,118,Table A.5,table_parsed,PI: Sandra Olson. Concurrent/stagnation rod tests. No flame spread in 15.5% O2
BASS2_T1,BASS-II,Cotton,2 cm SIBAL fabric,sheet,0.25,20.8,20.8 vol%,101.3,101.3 kPa,8.0,concurrent,spread,Sustained concurrent spread along fabric,False,45.0,0.85,ISS,20210011385,https://ntrs.nasa.gov/citations/20210011385,120,Table A.6,table_parsed,PI: James S. T'ien. SIBAL cotton-fiberglass fabric tests. Sustained concurrent spread along fabric
BASS2_T2,BASS-II,Cotton,2 cm SIBAL fabric,sheet,0.25,20.8,20.8 vol%,101.3,101.3 kPa,15.0,concurrent,spread,Vigorous flame spread at 15 cm/s,False,38.0,1.2,ISS,20210011385,https://ntrs.nasa.gov/citations/20210011385,120,Table A.6,table_parsed,PI: James S. T'ien. SIBAL cotton-fiberglass fabric tests. Vigorous flame spread at 15 cm/s
BASS2_T3,BASS-II,Cotton,2 cm SIBAL fabric,sheet,0.25,20.8,20.8 vol%,101.3,101.3 kPa,25.0,concurrent,spread,High speed concurrent spread,False,30.0,1.65,ISS,20210011385,https://ntrs.nasa.gov/citations/20210011385,120,Table A.6,table_parsed,PI: James S. T'ien. SIBAL cotton-fiberglass fabric tests. High speed concurrent spread
BASS2_T4,BASS-II,Cotton,2 cm SIBAL fabric,sheet,0.25,20.8,20.8 vol%,101.3,101.3 kPa,45.0,concurrent,marginal_spread,High velocity flame tip detachment and blowoff trend,True,25.0,1.4,ISS,20210011385,https://ntrs.nasa.gov/citations/20210011385,120,Table A.6,table_parsed,PI: James S. T'ien. SIBAL cotton-fiberglass fabric tests. High velocity flame tip detachment and blowoff trend
BASS2_T5,BASS-II,Cotton,2 cm SIBAL fabric,sheet,0.25,20.6,20.6 vol%,101.3,101.3 kPa,2.7,concurrent,spread,Spread at low speed,False,55.0,0.55,ISS,20210011385,https://ntrs.nasa.gov/citations/20210011385,120,Table A.6,table_parsed,PI: James S. T'ien. SIBAL cotton-fiberglass fabric tests. Spread at low speed
BASS2_T6,BASS-II,Cotton,2 cm SIBAL fabric,sheet,0.25,20.6,20.6 vol%,101.3,101.3 kPa,1.2,concurrent,spread,Steady burning at 1.2 cm/s,False,65.0,0.35,ISS,20210011385,https://ntrs.nasa.gov/citations/20210011385,120,Table A.6,table_parsed,PI: James S. T'ien. SIBAL cotton-fiberglass fabric tests. Steady burning at 1.2 cm/s
BASS2_T7,BASS-II,Cotton,2 cm SIBAL fabric,sheet,0.25,20.6,20.6 vol%,101.3,101.3 kPa,0.4,concurrent,no_spread,Extinguished at 0.4 cm/s (quenching limit in air),False,15.0,0.0,ISS,20210011385,https://ntrs.nasa.gov/citations/20210011385,120,Table A.6,table_parsed,PI: James S. T'ien. SIBAL cotton-fiberglass fabric tests. Extinguished at 0.4 cm/s (quenching limit in air)
BASS2_T8,BASS-II,Cotton,1 cm SIBAL fabric,sheet,0.25,19.5,19.5 vol%,101.3,101.3 kPa,10.0,concurrent,spread,Narrow fabric steady spread in 19.5% O2,False,40.0,0.9,ISS,20210011385,https://ntrs.nasa.gov/citations/20210011385,120,Table A.6,table_parsed,PI: James S. T'ien. SIBAL cotton-fiberglass fabric tests. Narrow fabric steady spread in 19.5% O2
BASS2_T9,BASS-II,Cotton,1 cm SIBAL fabric,sheet,0.25,19.5,19.5 vol%,101.3,101.3 kPa,2.0,concurrent,spread,Spread at 2 cm/s,False,50.0,0.45,ISS,20210011385,https://ntrs.nasa.gov/citations/20210011385,120,Table A.6,table_parsed,PI: James S. T'ien. SIBAL cotton-fiberglass fabric tests. Spread at 2 cm/s
BASS2_T10,BASS-II,Cotton,1 cm SIBAL fabric,sheet,0.25,19.5,19.5 vol%,101.3,101.3 kPa,0.5,concurrent,no_spread,Quenched at 0.5 cm/s in 19.5% O2,False,18.0,0.0,ISS,20210011385,https://ntrs.nasa.gov/citations/20210011385,120,Table A.6,table_parsed,PI: James S. T'ien. SIBAL cotton-fiberglass fabric tests. Quenched at 0.5 cm/s in 19.5% O2
BASS2_T11,BASS-II,Cotton,2 cm SIBAL fabric,sheet,0.25,18.5,18.5 vol%,101.3,101.3 kPa,12.0,concurrent,spread,Steady spread in 18.5% O2,False,42.0,0.75,ISS,20210011385,https://ntrs.nasa.gov/citations/20210011385,120,Table A.6,table_parsed,PI: James S. T'ien. SIBAL cotton-fiberglass fabric tests. Steady spread in 18.5% O2
BASS2_T12,BASS-II,Cotton,2 cm SIBAL fabric,sheet,0.25,18.5,18.5 vol%,101.3,101.3 kPa,3.0,concurrent,spread,Low speed spread in 18.5% O2,False,55.0,0.4,ISS,20210011385,https://ntrs.nasa.gov/citations/20210011385,120,Table A.6,table_parsed,PI: James S. T'ien. SIBAL cotton-fiberglass fabric tests. Low speed spread in 18.5% O2
BASS2_T13,BASS-II,Cotton,2 cm SIBAL fabric,sheet,0.25,18.5,18.5 vol%,101.3,101.3 kPa,0.8,concurrent,no_spread,Extinguished at 0.8 cm/s in 18.5% O2,False,20.0,0.0,ISS,20210011385,https://ntrs.nasa.gov/citations/20210011385,120,Table A.6,table_parsed,PI: James S. T'ien. SIBAL cotton-fiberglass fabric tests. Extinguished at 0.8 cm/s in 18.5% O2
BASS2_T14,BASS-II,Cotton,2 cm SIBAL fabric,sheet,0.25,18.5,18.5 vol%,101.3,101.3 kPa,35.0,concurrent,no_spread,Blowoff extinction at 35 cm/s in 18.5% O2,False,12.0,0.0,ISS,20210011385,https://ntrs.nasa.gov/citations/20210011385,120,Table A.6,table_parsed,PI: James S. T'ien. SIBAL cotton-fiberglass fabric tests. Blowoff extinction at 35 cm/s in 18.5% O2
BASS2_T15,BASS-II,Cotton,2 cm SIBAL fabric,sheet,0.25,17.5,17.5 vol%,101.3,101.3 kPa,8.0,concurrent,spread,Spread in reduced 17.5% O2,False,48.0,0.5,ISS,20210011385,https://ntrs.nasa.gov/citations/20210011385,120,Table A.6,table_parsed,PI: James S. T'ien. SIBAL cotton-fiberglass fabric tests. Spread in reduced 17.5% O2
BASS2_T16,BASS-II,Cotton,2 cm SIBAL fabric,sheet,0.25,17.5,17.5 vol%,101.3,101.3 kPa,2.0,concurrent,marginal_spread,Unsteady flame hovering near extinction,True,35.0,0.25,ISS,20210011385,https://ntrs.nasa.gov/citations/20210011385,120,Table A.6,table_parsed,PI: James S. T'ien. SIBAL cotton-fiberglass fabric tests. Unsteady flame hovering near extinction
BASS2_T17,BASS-II,Cotton,2 cm SIBAL fabric,sheet,0.25,17.5,17.5 vol%,101.3,101.3 kPa,1.0,concurrent,no_spread,Quenched at 1.0 cm/s in 17.5% O2,False,15.0,0.0,ISS,20210011385,https://ntrs.nasa.gov/citations/20210011385,120,Table A.6,table_parsed,PI: James S. T'ien. SIBAL cotton-fiberglass fabric tests. Quenched at 1.0 cm/s in 17.5% O2
BASS2_T18,BASS-II,Cotton,2 cm SIBAL fabric,sheet,0.25,16.8,16.8 vol%,101.3,101.3 kPa,6.0,concurrent,marginal_spread,Near flammability boundary for cotton composite,True,30.0,0.18,ISS,20210011385,https://ntrs.nasa.gov/citations/20210011385,120,Table A.6,table_parsed,PI: James S. T'ien. SIBAL cotton-fiberglass fabric tests. Near flammability boundary for cotton composite
BASS2_T19,BASS-II,Cotton,2 cm SIBAL fabric,sheet,0.25,16.2,16.2 vol%,101.3,101.3 kPa,5.0,concurrent,no_spread,"Extinguished, below limiting oxygen",False,10.0,0.0,ISS,20210011385,https://ntrs.nasa.gov/citations/20210011385,120,Table A.6,table_parsed,"PI: James S. T'ien. SIBAL cotton-fiberglass fabric tests. Extinguished, below limiting oxygen"
BASS_SL1,BASS,PMMA,1.2-cm PMMA flat slab,slab,12.0,21.0,21.0 vol%,101.3,101.3 kPa (1 atm),5.0,opposed,spread,Thick slab steady opposed spread,False,180.0,0.06,ISS,20140011099,https://ntrs.nasa.gov/citations/20140011099,26,Report Text & Figures,text_reported,NASA BASS investigation. Thick slab steady opposed spread
BASS_SL2,BASS,PMMA,1.2-cm PMMA flat slab,slab,12.0,21.0,21.0 vol%,101.3,101.3 kPa (1 atm),15.0,opposed,spread,Thick slab spread at 15 cm/s,False,160.0,0.08,ISS,20140011099,https://ntrs.nasa.gov/citations/20140011099,26,Report Text & Figures,text_reported,NASA BASS investigation. Thick slab spread at 15 cm/s
BASS_SL3,BASS,PMMA,1.2-cm PMMA flat slab,slab,12.0,19.0,19.0 vol%,101.3,101.3 kPa (1 atm),5.0,opposed,spread,Thick slab spread in 19% O2,False,150.0,0.05,ISS,20140011099,https://ntrs.nasa.gov/citations/20140011099,27,Report Text & Figures,text_reported,NASA BASS investigation. Thick slab spread in 19% O2
BASS_SL4,BASS,PMMA,1.2-cm PMMA flat slab,slab,12.0,18.0,18.0 vol%,101.3,101.3 kPa (1 atm),5.0,opposed,marginal_spread,"Weak burning, significant conductive loss into thick slab",True,120.0,0.03,ISS,20140011099,https://ntrs.nasa.gov/citations/20140011099,28,Report Text & Figures,text_reported,"NASA BASS investigation. Weak burning, significant conductive loss into thick slab"
BASS_SL5,BASS,PMMA,1.2-cm PMMA flat slab,slab,12.0,17.0,17.0 vol%,101.3,101.3 kPa (1 atm),5.0,opposed,no_spread,Extinguished without preheat at 17% O2,False,40.0,0.0,ISS,20140011099,https://ntrs.nasa.gov/citations/20140011099,29,Report Text & Figures,text_reported,NASA BASS investigation. Extinguished without preheat at 17% O2
BASS_SL6,BASS,PMMA,1.5-cm PMMA sphere,sphere,15.0,21.0,21.0 vol%,101.3,101.3 kPa (1 atm),12.0,opposed,spread,Sphere sustained burning,False,210.0,0.1,ISS,20140011099,https://ntrs.nasa.gov/citations/20140011099,29,Report Text & Figures,text_reported,NASA BASS investigation. Sphere sustained burning
BASS_SL7,BASS,PMMA,1.5-cm PMMA sphere,sphere,15.0,17.0,17.0 vol%,101.3,101.3 kPa (1 atm),12.0,opposed,marginal_spread,Sphere burning in wake with vapor jetting near extinction,True,150.0,0.04,ISS,20140011099,https://ntrs.nasa.gov/citations/20140011099,29,Report Text & Figures,text_reported,NASA BASS investigation. Sphere burning in wake with vapor jetting near extinction
BASS_SL8,BASS,PMMA,1.5-cm PMMA sphere,sphere,15.0,17.0,17.0 vol%,101.3,101.3 kPa (1 atm),1.0,opposed,no_spread,"Flow less than 1 cm/s, flame extinguished",False,35.0,0.0,ISS,20140011099,https://ntrs.nasa.gov/citations/20140011099,31,Report Text & Figures,text_reported,"NASA BASS investigation. Flow less than 1 cm/s, flame extinguished"
BASS_DL1,BASS,Delrin,6.35-mm Delrin (polyoxymethylene) rod,rod,6.35,21.0,21.0 vol%,101.3,101.3 kPa (1 atm),5.0,concurrent,spread,Steady burning on Delrin rod,False,110.0,0.28,ISS,20160000593,https://ntrs.nasa.gov/citations/20160000593,14,Report Text & Figures,text_reported,NASA BASS investigation. Steady burning on Delrin rod
BASS_DL2,BASS,Delrin,6.35-mm Delrin rod,rod,6.35,20.0,20.0 vol%,101.3,101.3 kPa (1 atm),10.0,concurrent,spread,Delrin sustained concurrent spread,False,95.0,0.32,ISS,20160000593,https://ntrs.nasa.gov/citations/20160000593,14,Report Text & Figures,text_reported,NASA BASS investigation. Delrin sustained concurrent spread
BASS_DL3,BASS,Delrin,6.35-mm Delrin rod,rod,6.35,18.0,18.0 vol%,101.3,101.3 kPa (1 atm),5.0,concurrent,spread,Delrin flammability limit lower than PMMA,False,85.0,0.22,ISS,20160000593,https://ntrs.nasa.gov/citations/20160000593,14,Report Text & Figures,text_reported,NASA BASS investigation. Delrin flammability limit lower than PMMA
BASS_DL4,BASS,Delrin,6.35-mm Delrin rod,rod,6.35,16.5,16.5 vol%,101.3,101.3 kPa (1 atm),5.0,concurrent,marginal_spread,Near-limit burning on Delrin,True,60.0,0.11,ISS,20160000593,https://ntrs.nasa.gov/citations/20160000593,14,Report Text & Figures,text_reported,NASA BASS investigation. Near-limit burning on Delrin
BASS_DL5,BASS,Delrin,6.35-mm Delrin rod,rod,6.35,15.0,15.0 vol%,101.3,101.3 kPa (1 atm),5.0,concurrent,no_spread,Delrin extinguished in 15% O2,False,15.0,0.0,ISS,20160000593,https://ntrs.nasa.gov/citations/20160000593,14,Report Text & Figures,text_reported,NASA BASS investigation. Delrin extinguished in 15% O2
EXP_CELL_01,ExplorationAtmospheres,Cellulose,Kimwipes cellulosic sheet,sheet,0.1,21.0,21.0% O2,101.3,101.3 kPa,30.0,opposed,spread,"14.7 psia, 21% O2: steady spread at 30 cm/s",False,20.0,1.85,drop_tower,20080034883,https://ntrs.nasa.gov/citations/20080034883,9,Table 1 & Figures 8-10,table_parsed,"NASA GRC Exploration Atmospheres project. 14.7 psia, 21% O2: steady spread at 30 cm/s"
EXP_CELL_02,ExplorationAtmospheres,Cellulose,Kimwipes cellulosic sheet,sheet,0.1,21.0,21.0% O2,101.3,101.3 kPa,10.0,opposed,spread,"14.7 psia, 21% O2: steady spread at 10 cm/s",False,25.0,1.4,drop_tower,20080034883,https://ntrs.nasa.gov/citations/20080034883,9,Table 1 & Figures 8-10,table_parsed,"NASA GRC Exploration Atmospheres project. 14.7 psia, 21% O2: steady spread at 10 cm/s"
EXP_CELL_03,ExplorationAtmospheres,Cellulose,Kimwipes cellulosic sheet,sheet,0.1,21.0,21.0% O2,101.3,101.3 kPa,1.0,opposed,spread,Low velocity spread in 1 atm air,False,35.0,0.85,drop_tower,20080034883,https://ntrs.nasa.gov/citations/20080034883,9,Table 1 & Figures 8-10,table_parsed,NASA GRC Exploration Atmospheres project. Low velocity spread in 1 atm air
EXP_CELL_04,ExplorationAtmospheres,Cellulose,Kimwipes cellulosic sheet,sheet,0.1,18.0,18.0% O2,101.3,101.3 kPa,10.0,opposed,spread,"14.7 psia, 18% O2: steady spread",False,28.0,0.95,drop_tower,20080034883,https://ntrs.nasa.gov/citations/20080034883,9,Table 1 & Figures 8-10,table_parsed,"NASA GRC Exploration Atmospheres project. 14.7 psia, 18% O2: steady spread"
EXP_CELL_05,ExplorationAtmospheres,Cellulose,Kimwipes cellulosic sheet,sheet,0.1,16.5,16.5% O2,101.3,101.3 kPa,10.0,opposed,marginal_spread,Near 0-g ULOI flammability boundary (~16.2% O2),True,20.0,0.4,drop_tower,20080034883,https://ntrs.nasa.gov/citations/20080034883,9,Table 1 & Figures 8-10,table_parsed,NASA GRC Exploration Atmospheres project. Near 0-g ULOI flammability boundary (~16.2% O2)
EXP_CELL_06,ExplorationAtmospheres,Cellulose,Kimwipes cellulosic sheet,sheet,0.1,15.5,15.5% O2,101.3,101.3 kPa,10.0,opposed,no_spread,"Extinguished, below 0-g MOC limit",False,8.0,0.0,drop_tower,20080034883,https://ntrs.nasa.gov/citations/20080034883,9,Table 1 & Figures 8-10,table_parsed,"NASA GRC Exploration Atmospheres project. Extinguished, below 0-g MOC limit"
EXP_CELL_07,ExplorationAtmospheres,Cellulose,Kimwipes cellulosic sheet,sheet,0.1,30.0,30.0% O2,70.3,70.3 kPa,30.0,opposed,spread,"10.2 psia, 30% O2: vigorous spread in exploration atmosphere",False,18.0,2.45,drop_tower,20080034883,https://ntrs.nasa.gov/citations/20080034883,9,Table 1 & Figures 8-10,table_parsed,"NASA GRC Exploration Atmospheres project. 10.2 psia, 30% O2: vigorous spread in exploration atmosphere"
EXP_CELL_08,ExplorationAtmospheres,Cellulose,Kimwipes cellulosic sheet,sheet,0.1,30.0,30.0% O2,70.3,70.3 kPa,10.0,opposed,spread,"10.2 psia, 30% O2: steady spread at 10 cm/s",False,22.0,1.9,drop_tower,20080034883,https://ntrs.nasa.gov/citations/20080034883,9,Table 1 & Figures 8-10,table_parsed,"NASA GRC Exploration Atmospheres project. 10.2 psia, 30% O2: steady spread at 10 cm/s"
EXP_CELL_09,ExplorationAtmospheres,Cellulose,Kimwipes cellulosic sheet,sheet,0.1,24.0,24.0% O2,70.3,70.3 kPa,30.0,opposed,spread,"10.2 psia, 24% O2: sustained spread",False,24.0,1.35,drop_tower,20080034883,https://ntrs.nasa.gov/citations/20080034883,9,Table 1 & Figures 8-10,table_parsed,"NASA GRC Exploration Atmospheres project. 10.2 psia, 24% O2: sustained spread"
EXP_CELL_10,ExplorationAtmospheres,Cellulose,Kimwipes cellulosic sheet,sheet,0.1,20.0,20.0% O2,70.3,70.3 kPa,30.0,opposed,marginal_spread,"10.2 psia, 20% O2: near-limit burning at reduced pressure",True,18.0,0.65,drop_tower,20080034883,https://ntrs.nasa.gov/citations/20080034883,9,Table 1 & Figures 8-10,table_parsed,"NASA GRC Exploration Atmospheres project. 10.2 psia, 20% O2: near-limit burning at reduced pressure"
EXP_CELL_11,ExplorationAtmospheres,Cellulose,Kimwipes cellulosic sheet,sheet,0.1,18.0,18.0% O2,70.3,70.3 kPa,30.0,opposed,no_spread,"10.2 psia, 18% O2: extinguished under reduced pressure",False,10.0,0.0,drop_tower,20080034883,https://ntrs.nasa.gov/citations/20080034883,9,Table 1 & Figures 8-10,table_parsed,"NASA GRC Exploration Atmospheres project. 10.2 psia, 18% O2: extinguished under reduced pressure"
EXP_CELL_12,ExplorationAtmospheres,Cellulose,Kimwipes cellulosic sheet,sheet,0.1,34.0,34.0% O2,56.5,56.5 kPa,20.0,opposed,spread,"8.2 psia, 34% O2 (normoxic): steady spread",False,20.0,2.1,drop_tower,20080034883,https://ntrs.nasa.gov/citations/20080034883,9,Table 1 & Figures 8-10,table_parsed,"NASA GRC Exploration Atmospheres project. 8.2 psia, 34% O2 (normoxic): steady spread"
EXP_CELL_13,ExplorationAtmospheres,Cellulose,Kimwipes cellulosic sheet,sheet,0.1,25.0,25.0% O2,56.5,56.5 kPa,20.0,opposed,marginal_spread,"8.2 psia, 25% O2: weak flame at low pressure",True,16.0,0.55,drop_tower,20080034883,https://ntrs.nasa.gov/citations/20080034883,9,Table 1 & Figures 8-10,table_parsed,"NASA GRC Exploration Atmospheres project. 8.2 psia, 25% O2: weak flame at low pressure"
EXP_CELL_14,ExplorationAtmospheres,Cellulose,Kimwipes cellulosic sheet,sheet,0.1,20.0,20.0% O2,56.5,56.5 kPa,20.0,opposed,no_spread,"8.2 psia, 20% O2: flame blowoff/quench",False,6.0,0.0,drop_tower,20080034883,https://ntrs.nasa.gov/citations/20080034883,9,Table 1 & Figures 8-10,table_parsed,"NASA GRC Exploration Atmospheres project. 8.2 psia, 20% O2: flame blowoff/quench"
EXP_PMMA_01,ExplorationAtmospheres,PMMA,Thin PMMA sheet,sheet,0.2,30.0,30.0% O2,70.3,70.3 kPa,20.0,opposed,spread,"PMMA in 10.2 psia, 30% O2: robust spread",False,30.0,0.65,drop_tower,20080034883,https://ntrs.nasa.gov/citations/20080034883,10,Table 1 & Figures 8-10,table_parsed,"NASA GRC Exploration Atmospheres project. PMMA in 10.2 psia, 30% O2: robust spread"
EXP_PMMA_02,ExplorationAtmospheres,PMMA,Thin PMMA sheet,sheet,0.2,24.0,24.0% O2,70.3,70.3 kPa,20.0,opposed,spread,"PMMA in 10.2 psia, 24% O2: steady spread",False,35.0,0.42,drop_tower,20080034883,https://ntrs.nasa.gov/citations/20080034883,10,Table 1 & Figures 8-10,table_parsed,"NASA GRC Exploration Atmospheres project. PMMA in 10.2 psia, 24% O2: steady spread"
EXP_PMMA_03,ExplorationAtmospheres,PMMA,Thin PMMA sheet,sheet,0.2,20.0,20.0% O2,70.3,70.3 kPa,20.0,opposed,marginal_spread,"PMMA in 10.2 psia, 20% O2: near-limit blue flame",True,25.0,0.18,drop_tower,20080034883,https://ntrs.nasa.gov/citations/20080034883,10,Table 1 & Figures 8-10,table_parsed,"NASA GRC Exploration Atmospheres project. PMMA in 10.2 psia, 20% O2: near-limit blue flame"
EXP_PMMA_04,ExplorationAtmospheres,PMMA,Thin PMMA sheet,sheet,0.2,18.0,18.0% O2,70.3,70.3 kPa,20.0,opposed,no_spread,"PMMA in 10.2 psia, 18% O2: extinguished",False,12.0,0.0,drop_tower,20080034883,https://ntrs.nasa.gov/citations/20080034883,10,Table 1 & Figures 8-10,table_parsed,"NASA GRC Exploration Atmospheres project. PMMA in 10.2 psia, 18% O2: extinguished"
EXP_PMMA_05,ExplorationAtmospheres,PMMA,Thin PMMA sheet,sheet,0.2,34.0,34.0% O2,56.5,56.5 kPa,15.0,opposed,spread,"PMMA in 8.2 psia, 34% O2: sustained spread",False,28.0,0.58,drop_tower,20080034883,https://ntrs.nasa.gov/citations/20080034883,10,Table 1 & Figures 8-10,table_parsed,"NASA GRC Exploration Atmospheres project. PMMA in 8.2 psia, 34% O2: sustained spread"
EXP_PMMA_06,ExplorationAtmospheres,PMMA,Thin PMMA sheet,sheet,0.2,22.0,22.0% O2,56.5,56.5 kPa,15.0,opposed,no_spread,"PMMA in 8.2 psia, 22% O2: extinguished due to low pressure",False,10.0,0.0,drop_tower,20080034883,https://ntrs.nasa.gov/citations/20080034883,10,Table 1 & Figures 8-10,table_parsed,"NASA GRC Exploration Atmospheres project. PMMA in 8.2 psia, 22% O2: extinguished due to low pressure"
EXP_NOMX_01,ExplorationAtmospheres,Nomex,Nomex fabric sheet,sheet,0.35,30.0,30.0% O2,70.3,70.3 kPa,20.0,concurrent,marginal_spread,"Nomex in 10.2 psia, 30% O2: partial surface charring, marginal spread",True,22.0,0.15,drop_tower,20080034883,https://ntrs.nasa.gov/citations/20080034883,7,Table 1 & Figures 8-10,table_parsed,"NASA GRC Exploration Atmospheres project. Nomex in 10.2 psia, 30% O2: partial surface charring, marginal spread"
EXP_NOMX_02,ExplorationAtmospheres,Nomex,Nomex fabric sheet,sheet,0.35,24.0,24.0% O2,70.3,70.3 kPa,20.0,concurrent,no_spread,"Nomex in 10.2 psia, 24% O2: self-extinguished",False,10.0,0.0,drop_tower,20080034883,https://ntrs.nasa.gov/citations/20080034883,7,Table 1 & Figures 8-10,table_parsed,"NASA GRC Exploration Atmospheres project. Nomex in 10.2 psia, 24% O2: self-extinguished"
EXP_NOMX_03,ExplorationAtmospheres,Nomex,Nomex fabric sheet,sheet,0.35,34.0,34.0% O2,56.5,56.5 kPa,15.0,concurrent,spread,"Nomex in 8.2 psia, 34% O2: sustained combustion in high O2",False,26.0,0.35,drop_tower,20080034883,https://ntrs.nasa.gov/citations/20080034883,7,Table 1 & Figures 8-10,table_parsed,"NASA GRC Exploration Atmospheres project. Nomex in 8.2 psia, 34% O2: sustained combustion in high O2"
DF_EXT_01,DARTFire,Cellulose,Thin cellulosic sheet,sheet,0.08,21.0,21.0% O2,101.3,101.3 kPa,5.0,opposed,spread,Opposed flow flame spread in air at 5 cm/s,False,25.0,1.2,sounding_rocket,20040053557,https://ntrs.nasa.gov/citations/20040053557,2,Extinction Matrix,text_reported,Sounding rocket & drop tower extinction study. Opposed flow flame spread in air at 5 cm/s
DF_EXT_02,DARTFire,Cellulose,Thin cellulosic sheet,sheet,0.08,21.0,21.0% O2,101.3,101.3 kPa,1.0,opposed,spread,Low velocity spread in 1-atm air,False,30.0,0.75,sounding_rocket,20040053557,https://ntrs.nasa.gov/citations/20040053557,2,Extinction Matrix,text_reported,Sounding rocket & drop tower extinction study. Low velocity spread in 1-atm air
DF_EXT_03,DARTFire,Cellulose,Thin cellulosic sheet,sheet,0.08,21.0,21.0% O2,101.3,101.3 kPa,0.3,opposed,no_spread,Quenching extinction below 0.5 cm/s in microgravity,False,8.0,0.0,sounding_rocket,20040053557,https://ntrs.nasa.gov/citations/20040053557,3,Extinction Matrix,text_reported,Sounding rocket & drop tower extinction study. Quenching extinction below 0.5 cm/s in microgravity
DF_EXT_04,DARTFire,Cellulose,Thin cellulosic sheet,sheet,0.08,18.0,18.0% O2,101.3,101.3 kPa,4.0,opposed,spread,Spread at 18% O2 and 4 cm/s,False,28.0,0.65,sounding_rocket,20040053557,https://ntrs.nasa.gov/citations/20040053557,3,Extinction Matrix,text_reported,Sounding rocket & drop tower extinction study. Spread at 18% O2 and 4 cm/s
DF_EXT_05,DARTFire,Cellulose,Thin cellulosic sheet,sheet,0.08,18.0,18.0% O2,101.3,101.3 kPa,0.8,opposed,no_spread,Quenched at 0.8 cm/s in 18% O2,False,10.0,0.0,sounding_rocket,20040053557,https://ntrs.nasa.gov/citations/20040053557,3,Extinction Matrix,text_reported,Sounding rocket & drop tower extinction study. Quenched at 0.8 cm/s in 18% O2
DF_EXT_06,DARTFire,Cellulose,Thin cellulosic sheet,sheet,0.08,18.0,18.0% O2,101.3,101.3 kPa,25.0,opposed,no_spread,Blowoff extinction at 25 cm/s in 18% O2,False,6.0,0.0,sounding_rocket,20040053557,https://ntrs.nasa.gov/citations/20040053557,3,Extinction Matrix,text_reported,Sounding rocket & drop tower extinction study. Blowoff extinction at 25 cm/s in 18% O2
DF_EXT_07,DARTFire,Cellulose,Thin cellulosic sheet,sheet,0.08,16.5,16.5% O2,101.3,101.3 kPa,3.0,opposed,marginal_spread,Near-limit flickering flame at 16.5% O2,True,20.0,0.25,sounding_rocket,19890014267,https://ntrs.nasa.gov/citations/19890014267,5,Extinction Matrix,text_reported,Sounding rocket & drop tower extinction study. Near-limit flickering flame at 16.5% O2
DF_EXT_08,DARTFire,Cellulose,Thin cellulosic sheet,sheet,0.08,15.8,15.8% O2,101.3,101.3 kPa,3.0,opposed,no_spread,Extinguished at 15.8% O2 (limiting oxygen index),False,5.0,0.0,sounding_rocket,19890014267,https://ntrs.nasa.gov/citations/19890014267,5,Extinction Matrix,text_reported,Sounding rocket & drop tower extinction study. Extinguished at 15.8% O2 (limiting oxygen index)
DF_EXT_09,DARTFire,PMMA,Thin PMMA film,sheet,0.15,21.0,21.0% O2,101.3,101.3 kPa,5.0,opposed,spread,Opposed flame spread over thin PMMA film,False,30.0,0.4,sounding_rocket,20040053557,https://ntrs.nasa.gov/citations/20040053557,4,Extinction Matrix,text_reported,Sounding rocket & drop tower extinction study. Opposed flame spread over thin PMMA film
DF_EXT_10,DARTFire,PMMA,Thin PMMA film,sheet,0.15,21.0,21.0% O2,101.3,101.3 kPa,0.4,opposed,no_spread,Low speed quench at 0.4 cm/s,False,9.0,0.0,sounding_rocket,20040053557,https://ntrs.nasa.gov/citations/20040053557,4,Extinction Matrix,text_reported,Sounding rocket & drop tower extinction study. Low speed quench at 0.4 cm/s
DF_EXT_11,DARTFire,PMMA,Thin PMMA film,sheet,0.15,19.0,19.0% O2,101.3,101.3 kPa,4.0,opposed,spread,Steady spread in 19% O2,False,35.0,0.32,sounding_rocket,20040053557,https://ntrs.nasa.gov/citations/20040053557,4,Extinction Matrix,text_reported,Sounding rocket & drop tower extinction study. Steady spread in 19% O2
DF_EXT_12,DARTFire,PMMA,Thin PMMA film,sheet,0.15,17.5,17.5% O2,101.3,101.3 kPa,3.0,opposed,marginal_spread,Marginal flame survival at 17.5% O2,True,22.0,0.12,sounding_rocket,20040053557,https://ntrs.nasa.gov/citations/20040053557,4,Extinction Matrix,text_reported,Sounding rocket & drop tower extinction study. Marginal flame survival at 17.5% O2
DF_EXT_13,DARTFire,PMMA,Thin PMMA film,sheet,0.15,16.2,16.2% O2,101.3,101.3 kPa,3.0,opposed,no_spread,Extinction at 16.2% O2,False,8.0,0.0,sounding_rocket,20040053557,https://ntrs.nasa.gov/citations/20040053557,4,Extinction Matrix,text_reported,Sounding rocket & drop tower extinction study. Extinction at 16.2% O2
