investigation_key,exact_nasa_title,psi_id,nasa_url,experiment_objective,file_types,raw_data_availability,processed_data_availability,numerical_variables,imagery_video,time_series_sensors,scientific_outputs,approximate_scale,access_constraints,citation_metadata,usable_for_prototype_model,modeling_role
ACME Flame Design,Advanced Combustion via Microgravity Experiments / Flame Design,PSI-10,https://psi.nasa.gov/physci/repo/data/investigations/PSI-10,"The primary objectives of this flight experiment are: A. Obtain soot-inception limits of quasi-steady normal and inverse spherical diffusion flames as functions of flow rate, Zst, amount of inert (N2 or CO2), and pressure for C2H4 and CH4 flames. Ide","CSV, Video, Spectroscopic logs, PDF",Available (NASA PSI public release),Available (Processed tables in NTRS Technical Reports & PSI data files),"fuel_flow_rate_sccm, coflow_velocity_cm_s, burner_diameter_mm, smoke_point_height_mm","Color video, chemiluminescence, soot incandescence","Mass flow controllers, thermocouple rakes, gas chromatography",The kinetics and warm flame chemistry associated with radiative extinction of spherical diffusion flames     Soot Formation in Spherical Diffusion Flames     On the existence of steady-state gaseous m,"Gaseous diffusion flame tests (ethylene, methane, propane)",Open Access / Public Domain (US Government Work),"NTRS 20150008962, NASA PSI-107, NASA PSI-20",NO,Excluded from core solid-fuel model (gaseous burner incompatible with solid flame spread)
SAFFIRE-III,Spacecraft Fire Experiment-III,PSI-100,https://psi.nasa.gov/physci/repo/data/investigations/PSI-100,The objectives of this investigation were to: (1) determine how rapidly a large scale fire grows in low-gravity and (2) investigate the low-g flammability limits compared to those obtained in NASA’s normal gravity material flammability screening test,"CSV, HDF5, High-speed video, Thermocouple time-series, Pressure logs, PDF",Available (NASA PSI public release),Available (Processed tables in NTRS Technical Reports & PSI data files),"oxygen_pct (18-24%), pressure_kpa (50-100 kPa), flow_cm_s (10-30 cm/s), sample_width_cm (5-40 cm), flame_growth_rate_cm_s","Calibrated digital cameras, video arrays, optical radiometry","Thermocouple arrays, pressure transducers, O2/CO2 sensors, radiometers","Buoyant Effects on the Flammability of Silicone Samples Planned for the Spacecraft Fire Experiment (Saffire), 45th International Conference on Environmental Systems ICES-2015-[293] 12-16 July 2015, Be",Cygnus autonomous spacecraft tests; 5-10 large samples per mission,Open Access / Public Domain (US Government Work),"NTRS 20200000557, NTRS 20180005168, NTRS 20240007488",YES,Large-scale spacecraft environment benchmark and low-pressure validation
SAME-R,Smoke Aerosol Measurement Experiment-Reflight,PSI-101,https://psi.nasa.gov/physci/repo/data/investigations/PSI-101,"Similar to the original SAME investigation, the primary objective of the SAME-R investigation was to quantify the sizes that the liquid smoke particulate achieves in low gravity and to relate the droplet size distribution to the smoke generation and ","Text logs, CSV, Particle sizer data",Available (NASA PSI public release),Available (Processed tables in NTRS Technical Reports & PSI data files),"particle_count_concentration, mean_diameter_um, obscuration_pct",None or test cell monitoring,"Condensation particle counter, ionization detector, photoelectric detector",Smoke Aerosol Measurement Experiment-2: Comparison of Flight Experiment Results with Ground Test Results     Evaluation of Low-Gravity Smoke Particulate for Spacecraft Fire Detection     Particle Morp,Multiple smoke generator test sequences on ISS,Open Access / Public Domain (US Government Work),"NASA PSI-102, NASA PSI-101",NO,Excluded from core solid-fuel model (smoke sensor characterization)
SAME,Smoke and Aerosol Measurement Experiment,PSI-102,https://psi.nasa.gov/physci/repo/data/investigations/PSI-102,One of the major goals of this investigation was to quantify the sizes that the liquid smoke particulate achieves in low gravity and to relate the droplet size distribution to the smoke generation and smoke transport conditions in the experiment. A n,"Text logs, CSV, Particle sizer data",Available (NASA PSI public release),Available (Processed tables in NTRS Technical Reports & PSI data files),"particle_count_concentration, mean_diameter_um, obscuration_pct",None or test cell monitoring,"Condensation particle counter, ionization detector, photoelectric detector",Measurement of Smoke Particle Size under Low-Gravity Conditions     Properties of Smoke from Overheated Spacecraft Materials in Low-Gravity     Smoke Particle Sizes in Low-Gravity and Implications for,Multiple smoke generator test sequences on ISS,Open Access / Public Domain (US Government Work),"NASA PSI-102, NASA PSI-101",NO,Excluded from core solid-fuel model (smoke sensor characterization)
SLICE,Structure and Liftoff In Combustion Experiment,PSI-106,https://psi.nasa.gov/physci/repo/data/investigations/PSI-106,Objective: The objective of this investigation is to better understand the structure and stability of laminar diffusion flames in microgravity.  Specific objectives of this investigation were: 1. To investigate the structure of laminar diffusion flam,"CSV, Video, Spectroscopic logs, PDF",Available (NASA PSI public release),Available (Processed tables in NTRS Technical Reports & PSI data files),"fuel_flow_rate_sccm, coflow_velocity_cm_s, burner_diameter_mm, smoke_point_height_mm","Color video, chemiluminescence, soot incandescence","Mass flow controllers, thermocouple rakes, gas chromatography","A computational and experimental study of coflow laminar methane/air diffusion flames: Effects of fuel dilution, inlet velocity, and gravity     A Combined Experimental and Computational Study of Soot","Gaseous diffusion flame tests (ethylene, methane, propane)",Open Access / Public Domain (US Government Work),"NTRS 20150008962, NASA PSI-107, NASA PSI-20",NO,Excluded from core solid-fuel model (gaseous burner incompatible with solid flame spread)
SPICE,Smoke Point In Co-flow Experiment,PSI-107,https://psi.nasa.gov/physci/repo/data/investigations/PSI-107,The objective of SPICE is to better understand the complex process of combustion by observing flames in a microgravity environment aboard the International Space Station (ISS) and analogous ground experiments.  Specific objectives were: (1) Identify ,"CSV, Video, Spectroscopic logs, PDF",Available (NASA PSI public release),Available (Processed tables in NTRS Technical Reports & PSI data files),"fuel_flow_rate_sccm, coflow_velocity_cm_s, burner_diameter_mm, smoke_point_height_mm","Color video, chemiluminescence, soot incandescence","Mass flow controllers, thermocouple rakes, gas chromatography","Laminar Smoke Points in Coflow Measured Aboard the International Space Station     Scaling of Gas-Jet Flame Lengths in Elevated Gravity     The Microgravity Science Glovebox (MSG), a Resource for Grav","Gaseous diffusion flame tests (ethylene, methane, propane)",Open Access / Public Domain (US Government Work),"NTRS 20150008962, NASA PSI-107, NASA PSI-20",NO,Excluded from core solid-fuel model (gaseous burner incompatible with solid flame spread)
SAME Simulation,Utilization of the Smoke Aerosol Measurement Experiment Data for Advanced Modeling and Simulation of Smoke Generation in Micro-Gravity,PSI-115,https://psi.nasa.gov/physci/repo/data/investigations/PSI-115,The objective of this investigation was to use numerical simulation to explore the influence of gravity on pyrolysis smoke growth from a fundamental perspective. The intention of this effort is to quantify the differences between microgravity and Ear,"Text logs, CSV, Particle sizer data",Available (NASA PSI public release),Available (Processed tables in NTRS Technical Reports & PSI data files),"particle_count_concentration, mean_diameter_um, obscuration_pct",None or test cell monitoring,"Condensation particle counter, ionization detector, photoelectric detector",Scientific publications in combustion journals,Multiple smoke generator test sequences on ISS,Open Access / Public Domain (US Government Work),"NASA PSI-102, NASA PSI-101",NO,Excluded from core solid-fuel model (smoke sensor characterization)
Cool Flame Transitions,Quantitative Studies of Cool Flame Transitions at Radiation / Stretch Extinction Using Counterflow Flames,PSI-142,https://psi.nasa.gov/physci/repo/data/investigations/PSI-142,"By using the Flame Extinguishment (FLEX) experimental data from the Physical Sciences Informatics (PSI) system of combustion science, the purpose of this grant was to conduct new simulations and ground-based experiments using ozone-sensitized counter","CSV, PDF, Image logs",Available (NASA PSI public release),Available (Processed tables in NTRS Technical Reports & PSI data files),"temperature, flow_velocity, concentration",Video/still photography,Chamber sensors,Dynamics of cool flames     The radical index and the effect of oxygen concentration on non-premixed cool flame extinction of large n-alkanes     On the propagation limits and speeds of premixed cool ,Microgravity tests,Open Access / Public Domain (US Government Work),NASA PSI-142,NO,Contextual reference only
ACME CFI-G,Advanced Combustion via Microgravity Experiments / Cool Flames Investigation with Gases,PSI-159,https://psi.nasa.gov/physci/repo/data/investigations/PSI-159,"1. Plan and support flight testing on the International Space Station (ISS). 2. Determine the conditions for which cool diffusion flames occur for propane, n-butane, and n-pentane; normal and inverse flames; and a broad range of Zst, Tad, and fluent ","CSV, Video, Spectroscopic logs, PDF",Available (NASA PSI public release),Available (Processed tables in NTRS Technical Reports & PSI data files),"fuel_flow_rate_sccm, coflow_velocity_cm_s, burner_diameter_mm, smoke_point_height_mm","Color video, chemiluminescence, soot incandescence","Mass flow controllers, thermocouple rakes, gas chromatography",Spherical gas-fueled cool diffusion flames     Cool diffusion flames in a stably stratified stagnation flow,"Gaseous diffusion flame tests (ethylene, methane, propane)",Open Access / Public Domain (US Government Work),"NTRS 20150008962, NASA PSI-107, NASA PSI-20",NO,Excluded from core solid-fuel model (gaseous burner incompatible with solid flame spread)
ACME BRE,Advanced Combustion via Microgravity Experiments - Burning Rate Emulator,PSI-20,https://psi.nasa.gov/physci/repo/data/investigations/PSI-20,The BRE flight program seeks to establish the burning conditions in a quiescent microgravity ambient in terms of material properties. The specific flight objectives are as follows.   1. Observe burning behavior in long-duration microgravity for CH4/N,"CSV, Video, Spectroscopic logs, PDF",Available (NASA PSI public release),Available (Processed tables in NTRS Technical Reports & PSI data files),"fuel_flow_rate_sccm, coflow_velocity_cm_s, burner_diameter_mm, smoke_point_height_mm","Color video, chemiluminescence, soot incandescence","Mass flow controllers, thermocouple rakes, gas chromatography",Burning on flat wicks at various orientations     A Gas Burner to Emulate Condensed-Phase Burning     Experimental Investigation of Liquid and Gas Fueled Flames Towards the Development of a Burning Ra,"Gaseous diffusion flame tests (ethylene, methane, propane)",Open Access / Public Domain (US Government Work),"NTRS 20150008962, NASA PSI-107, NASA PSI-20",NO,Excluded from core solid-fuel model (gaseous burner incompatible with solid flame spread)
ACME CLD Flame,Advanced Combustion via Microgravity Experiments / Coflow Laminar Diffusion Flame,PSI-21,https://psi.nasa.gov/physci/repo/data/investigations/PSI-21,"In order to provide the experimental data needed to allow rigorous testing of computational models at the extremes of the fuel dilution spectrum, we have the following objectives: A) Characterize the behavior of weak coflow diffusion flames of methan","CSV, Video, Spectroscopic logs, PDF",Available (NASA PSI public release),Available (Processed tables in NTRS Technical Reports & PSI data files),"fuel_flow_rate_sccm, coflow_velocity_cm_s, burner_diameter_mm, smoke_point_height_mm","Color video, chemiluminescence, soot incandescence","Mass flow controllers, thermocouple rakes, gas chromatography",Analysis of CH* concentration and flame heat release rate in laminar coflow diffusion flames under microgravity and normal gravity     Signal-to-noise ratio improvements in laser flow diagnostics usin,"Gaseous diffusion flame tests (ethylene, methane, propane)",Open Access / Public Domain (US Government Work),"NTRS 20150008962, NASA PSI-107, NASA PSI-20",NO,Excluded from core solid-fuel model (gaseous burner incompatible with solid flame spread)
ACME E-FIELD Flames,Advanced Combustion via Microgravity Experiments Electric-Field Effects on Laminar Diffusion Flames,PSI-22,https://psi.nasa.gov/physci/repo/data/investigations/PSI-22,"The objective of this investigation is to better understand the relationship between electric field voltage and chemi-ion current, analyze the dynamic response of flames to electric field changes, evaluate soot formation, and characterize stabilized ","CSV, Video, Spectroscopic logs, PDF",Available (NASA PSI public release),Available (Processed tables in NTRS Technical Reports & PSI data files),"fuel_flow_rate_sccm, coflow_velocity_cm_s, burner_diameter_mm, smoke_point_height_mm","Color video, chemiluminescence, soot incandescence","Mass flow controllers, thermocouple rakes, gas chromatography",Ion Current and Flame Changes with Electric Fields in Microgravity     Electric Field Induced Changes of a Diffusion Flame and Heat Transfer near an Impinging Surface     Electrical Aspects of Impingi,"Gaseous diffusion flame tests (ethylene, methane, propane)",Open Access / Public Domain (US Government Work),"NTRS 20150008962, NASA PSI-107, NASA PSI-20",NO,Excluded from core solid-fuel model (gaseous burner incompatible with solid flame spread)
ACME s-Flame,Advanced Combustion via Microgravity Experiments-Structure and Response of Spherical Diffusion Flames,PSI-23,https://psi.nasa.gov/physci/repo/data/investigations/PSI-23,"A series of experiments is proposed with the following specific objectives, in both soot-free and sooty flames, to compare with detailed computational simulation to assess transport properties and detailed chemical kinetics (including chemiluminescen","CSV, Video, Spectroscopic logs, PDF",Available (NASA PSI public release),Available (Processed tables in NTRS Technical Reports & PSI data files),"fuel_flow_rate_sccm, coflow_velocity_cm_s, burner_diameter_mm, smoke_point_height_mm","Color video, chemiluminescence, soot incandescence","Mass flow controllers, thermocouple rakes, gas chromatography","Opportunities and challenges of combustion in microgravity     On burner-stabilized cylindrical premixed flames in microgravity     On the structure, stabilization, and dual response of flat-burner fl","Gaseous diffusion flame tests (ethylene, methane, propane)",Open Access / Public Domain (US Government Work),"NTRS 20150008962, NASA PSI-107, NASA PSI-20",NO,Excluded from core solid-fuel model (gaseous burner incompatible with solid flame spread)
BASS-II,Burning and Suppression of Solids - II,PSI-25,https://psi.nasa.gov/physci/repo/data/investigations/PSI-25,"BASS-II results contribute to the combustion computational models used in the design of fire detection and suppression systems in microgravity and on Earth. Objectives Include:   1) Study the ignition, flame growth, flame spread, and extinction limit","CSV, Tabular text, 35mm TIFF/JPEG, AVI/MPEG video, Sensor logs, PDF",Available (NASA PSI public release),Available (Processed tables in NTRS Technical Reports & PSI data files),"oxygen_pct (15-21%), pressure_kpa (98-102 kPa), flow_cm_s (0-55 cm/s), fuel_thickness_mm (1-10 mm), burn_rate_mm_s, extinction_time_s","High-resolution video with data overlay, 35-mm still camera, broadband two-color pyrometry","CSA-CP (O2, CO), CDM (CO2), fan anemometers, radiometers",Microgravity flammability boundary for PMMA rods in axial stagnation flow: Experimental results and energy balance analyses     Temperature and CO2 fields of a downward spreading flame over thin cellu,40+ flight test runs on ISS MSG; >100 distinct flame-spread observations,Open Access / Public Domain (US Government Work),"NTRS 20210011385, NTRS 20160000593, NTRS 20140011099, NTRS 20150008961",YES,Primary training and validation dataset for solid-fuel flame spread and extinction
BASS,Burning and Suppression of Solids,PSI-26,https://psi.nasa.gov/physci/repo/data/investigations/PSI-26,"The two main objectives for BASS are to:     1.) Begin to bridge the gap between the normal gravity NASA-STD-6001 Test#1 method, ground-based microgravity tests, and actual material flammability in microgravity. The relation between these can be inve","CSV, Tabular text, 35mm TIFF/JPEG, AVI/MPEG video, Sensor logs, PDF",Available (NASA PSI public release),Available (Processed tables in NTRS Technical Reports & PSI data files),"oxygen_pct (15-21%), pressure_kpa (98-102 kPa), flow_cm_s (0-55 cm/s), fuel_thickness_mm (1-10 mm), burn_rate_mm_s, extinction_time_s","High-resolution video with data overlay, 35-mm still camera, broadband two-color pyrometry","CSA-CP (O2, CO), CDM (CO2), fan anemometers, radiometers",The Microgravity Science Glovebox as a Platform for Exploration Research on the International Space Station     Opposed-flow flame spread: A comparison of microgravity and normal gravity experiments t,40+ flight test runs on ISS MSG; >100 distinct flame-spread observations,Open Access / Public Domain (US Government Work),"NTRS 20210011385, NTRS 20160000593, NTRS 20140011099, NTRS 20150008961",YES,Primary training and validation dataset for solid-fuel flame spread and extinction
CFI,Cool Flames Investigation,PSI-39,https://psi.nasa.gov/physci/repo/data/investigations/PSI-39,The objectives of this investigation are to:     1) Examine the combustion behavior of n-dodecane and mixtures of n-dodecane/iso-dodecane at pressures ranging from 0.25 atm to 5 atm.     2) Analyze the effects of helium dilution on cool flame behavio,"CSV, PDF, Image logs",Available (NASA PSI public release),Available (Processed tables in NTRS Technical Reports & PSI data files),"temperature, flow_velocity, concentration",Video/still photography,Chamber sensors,Can cool flames support quasi-steady alkane droplet burning?     Cool-flame extinction during n-alkane droplet combustion in microgravity     Partial-Burning Regime for Quasi-Steady Droplet Combustion,Microgravity tests,Open Access / Public Domain (US Government Work),NASA PSI-39,NO,Contextual reference only
DAFT / DAFT-2,Dust and Aerosol Measurement Feasibility Test / Dust and Aerosol Measurement Feasibility Test-2,PSI-47,https://psi.nasa.gov/physci/repo/data/investigations/PSI-47,"The focus of DAFT / DAFT-2 was to mitigate the risk for the Smoke Aerosol Measurement Experiment (SAME). SAME relied on a commercially available condensate nuclei counter, the TSI P-Trak,  to quantify smoke aerosols in a microgravity environment, how","Text logs, CSV, Particle sizer data",Available (NASA PSI public release),Available (Processed tables in NTRS Technical Reports & PSI data files),"particle_count_concentration, mean_diameter_um, obscuration_pct",None or test cell monitoring,"Condensation particle counter, ionization detector, photoelectric detector","A Research Plan for Fire Prevention, Detection and Suppression in Crewed Exploration Systems     Detection of Smoke from Microgravity Fires",Multiple smoke generator test sequences on ISS,Open Access / Public Domain (US Government Work),"NASA PSI-102, NASA PSI-101",NO,Excluded from core solid-fuel model (smoke sensor characterization)
SPICE Analysis,Computational and Experimental Analysis of SPICE Data Sets,PSI-60,https://psi.nasa.gov/physci/repo/data/investigations/PSI-60,This ground investigation  sought to increase understanding of the issues that control the large discrepancy between soot formation in 1g and in 0g flames.  The objective of this investigation was to integrate computational and experimental methods t,"CSV, Video, Spectroscopic logs, PDF",Available (NASA PSI public release),Available (Processed tables in NTRS Technical Reports & PSI data files),"fuel_flow_rate_sccm, coflow_velocity_cm_s, burner_diameter_mm, smoke_point_height_mm","Color video, chemiluminescence, soot incandescence","Mass flow controllers, thermocouple rakes, gas chromatography",A Combined Experimental and Computational Study of Soot Formation in Normal and Microgravity Conditions (2022),"Gaseous diffusion flame tests (ethylene, methane, propane)",Open Access / Public Domain (US Government Work),"NTRS 20150008962, NASA PSI-107, NASA PSI-20",NO,Excluded from core solid-fuel model (gaseous burner incompatible with solid flame spread)
BASS Modeling,Concurrent Flame Spread Modeling using Flamelet Generated Manifolds in Microgravity with Comparison to BASS Experiments using Two-Color Tomography,PSI-62,https://psi.nasa.gov/physci/repo/data/investigations/PSI-62,The objective of this research was to develop and validate new flamelet generated manifold (FGM) modeling techniques for concurrent flame spread in microgravity. Concurrent flame spread presented one of the greatest modeling challenges in combustion ,"CSV, Tabular text, 35mm TIFF/JPEG, AVI/MPEG video, Sensor logs, PDF",Available (NASA PSI public release),Available (Processed tables in NTRS Technical Reports & PSI data files),"oxygen_pct (15-21%), pressure_kpa (98-102 kPa), flow_cm_s (0-55 cm/s), fuel_thickness_mm (1-10 mm), burn_rate_mm_s, extinction_time_s","High-resolution video with data overlay, 35-mm still camera, broadband two-color pyrometry","CSA-CP (O2, CO), CDM (CO2), fan anemometers, radiometers",Microgravity flammability boundary for PMMA rods in axial stagnation flow: Experimental results and energy balance analyses (2017)     Radiative flamelet generated manifolds for solid fuel flame sprea,40+ flight test runs on ISS MSG; >100 distinct flame-spread observations,Open Access / Public Domain (US Government Work),"NTRS 20210011385, NTRS 20160000593, NTRS 20140011099, NTRS 20150008961",YES,Primary training and validation dataset for solid-fuel flame spread and extinction
FLEX-2,Flame Extinguishment Experiment - 2,PSI-68,https://psi.nasa.gov/physci/repo/data/investigations/PSI-68,"The primary goal of the FLEX-2 flight experiments is to extend the results of FLEX-1 to fuels and environmental conditions that mimic real combustor conditions, as well as, provide benchmark experimental data on bi-component droplet combustion over a","AVI video, CSV, Image sequences, Text reports",Available (NASA PSI public release),Available (Processed tables in NTRS Technical Reports & PSI data files),"droplet_diameter_mm, burn_rate_k, extinction_diameter_mm, ambient_O2, ambient_inert","High-speed back-lit imaging, color video","Radiometers, chamber pressure/temperature","Experimental Study of Initial Diameter Effects on Convection-free Droplet Combustion in the Standard Atmosphere for n-Heptane, n-Octane, and n-Decane: International Space Station and Ground-based Expe","Hundreds of isolated fuel droplets (heptane, methanol, decane)",Open Access / Public Domain (US Government Work),"NTRS 20140004923, NASA PSI-69",NO,Excluded from core solid-fuel model (droplet physics incompatible with solid fuel)
FLEX,Flame Extinguishment Experiment,PSI-69,https://psi.nasa.gov/physci/repo/data/investigations/PSI-69,"The FLEX (Flame Extinguishment Experiment) investigation aims to map the flammability limits of liquid fuels in microgravity environments, measure the effectiveness of various gaseous fire suppressants such as CO2, He, and SF6, and develop reliable p","AVI video, CSV, Image sequences, Text reports",Available (NASA PSI public release),Available (Processed tables in NTRS Technical Reports & PSI data files),"droplet_diameter_mm, burn_rate_k, extinction_diameter_mm, ambient_O2, ambient_inert","High-speed back-lit imaging, color video","Radiometers, chamber pressure/temperature",Methanol Droplet Combustion in Oxygen-Inert Environments in Microgravity     Methanol Droplet Extinction in Oxygen/Carbon-dioxide/Nitrogen Mixtures in Microgravity: Results from the International Spac,"Hundreds of isolated fuel droplets (heptane, methanol, decane)",Open Access / Public Domain (US Government Work),"NTRS 20140004923, NASA PSI-69",NO,Excluded from core solid-fuel model (droplet physics incompatible with solid fuel)
SAFFIRE-I,Spacecraft Fire Safety Experiment-I,PSI-98,https://psi.nasa.gov/physci/repo/data/investigations/PSI-98,The objectives of this investigation were to: (1) determine how rapidly a large scale fire grows in low-gravity and (2) investigate the low-g flammability limits compared to those obtained in NASA’s normal gravity material flammability screening test,"CSV, HDF5, High-speed video, Thermocouple time-series, Pressure logs, PDF",Available (NASA PSI public release),Available (Processed tables in NTRS Technical Reports & PSI data files),"oxygen_pct (18-24%), pressure_kpa (50-100 kPa), flow_cm_s (10-30 cm/s), sample_width_cm (5-40 cm), flame_growth_rate_cm_s","Calibrated digital cameras, video arrays, optical radiometry","Thermocouple arrays, pressure transducers, O2/CO2 sensors, radiometers","The Spacecraft Fire Experiment (Saffire) - Objectives, Development and Status     Buoyant Effects on the Flammability of Silicone Samples Planned for the Spacecraft Fire Experiment (Saffire)     Flame",Cygnus autonomous spacecraft tests; 5-10 large samples per mission,Open Access / Public Domain (US Government Work),"NTRS 20200000557, NTRS 20180005168, NTRS 20240007488",YES,Large-scale spacecraft environment benchmark and low-pressure validation
SAFFIRE-II,Spacecraft Fire Experiment-II,PSI-99,https://psi.nasa.gov/physci/repo/data/investigations/PSI-99,The objectives of SAFFIRE-II are to determine how rapidly a large scale fire grows in low-gravity and to investigate the low-g flammability limits compared to those obtained in NASA’s normal gravity material flammability screening test.,"CSV, HDF5, High-speed video, Thermocouple time-series, Pressure logs, PDF",Available (NASA PSI public release),Available (Processed tables in NTRS Technical Reports & PSI data files),"oxygen_pct (18-24%), pressure_kpa (50-100 kPa), flow_cm_s (10-30 cm/s), sample_width_cm (5-40 cm), flame_growth_rate_cm_s","Calibrated digital cameras, video arrays, optical radiometry","Thermocouple arrays, pressure transducers, O2/CO2 sensors, radiometers","Buoyant Effects on the Flammability of Silicone Samples Planned for the Spacecraft Fire Experiment (Saffire), Conference: 45th International Conference on Environmental Systems ICES-2015-[293] 12-16 J",Cygnus autonomous spacecraft tests; 5-10 large samples per mission,Open Access / Public Domain (US Government Work),"NTRS 20200000557, NTRS 20180005168, NTRS 20240007488",YES,Large-scale spacecraft environment benchmark and low-pressure validation
