source,report_id,kind,url,local_path,sha256,bytes,fetched_at
NTRS,20210011385,citation_json,https://ntrs.nasa.gov/api/citations/20210011385,data/raw/ntrs/20210011385/citation.json,80883c94d19b23ca398d0c32d90760a1998d309aa30ecd1e191451d94dab50c6,7042,2026-10-03T17:32:52+00:00
NTRS,20210011385,pdf,https://ntrs.nasa.gov/api/citations/20210011385/downloads/TM-20210011385.pdf,data/raw/ntrs/20210011385/TM-20210011385.pdf,5ffa911fd9b6356f204646003fb9342e341810dcdfdf5cb15756e7f01ec5f770,48972416,2026-10-03T17:32:52+00:00
NTRS,20160000593,citation_json,https://ntrs.nasa.gov/api/citations/20160000593,data/raw/ntrs/20160000593/citation.json,f8ccab345e966f8b5deb3f15f7988310cb1472dd04a3f01b685a93d037768fd4,6114,2026-10-03T17:35:48+00:00
NTRS,20160000593,pdf,https://ntrs.nasa.gov/api/citations/20160000593/downloads/20160000593.pdf,data/raw/ntrs/20160000593/20160000593.pdf,9f2c89db9e1954c3c44409364ed6764f7e7466250264c28ff2d425350287546c,2690087,2026-10-03T17:35:48+00:00
NTRS,20140011099,citation_json,https://ntrs.nasa.gov/api/citations/20140011099,data/raw/ntrs/20140011099/citation.json,18481618227103e3041ffe94947b388cef29a67fb856f5f93835f964910c314e,6331,2026-10-03T17:35:53+00:00
NTRS,20140011099,pdf,https://ntrs.nasa.gov/api/citations/20140011099/downloads/20140011099.pdf,data/raw/ntrs/20140011099/20140011099.pdf,fd5e89467bddd426e40081311f0b36541aac6a29236b2d3fc3758a901bc8c072,4591839,2026-10-03T17:35:53+00:00
NTRS,20150008961,citation_json,https://ntrs.nasa.gov/api/citations/20150008961,data/raw/ntrs/20150008961/citation.json,a15b5d6ce6ae12b03fd49db9c26c45c8956d167c3c0c449575a8c1d536d318aa,5613,2026-10-03T17:36:00+00:00
NTRS,20150008961,pdf,https://ntrs.nasa.gov/api/citations/20150008961/downloads/20150008961.pdf,data/raw/ntrs/20150008961/20150008961.pdf,8cee8a023d9f0aab214996ebaeefb842080b0c935ba9e01db0096a47379519f7,449964,2026-10-03T17:36:00+00:00
NTRS,20080034883,citation_json,https://ntrs.nasa.gov/api/citations/20080034883,data/raw/ntrs/20080034883/citation.json,a7b014258e13f0341096d82c2afd07f3e30bb9b56b0576522d24c1a642796b09,4435,2026-10-03T17:36:05+00:00
NTRS,20080034883,pdf,https://ntrs.nasa.gov/api/citations/20080034883/downloads/20080034883.pdf,data/raw/ntrs/20080034883/20080034883.pdf,bb3dd1a5b3a0a6f85e42b5b285f7b191772b72317fe8ba36756d112cba774be2,977774,2026-10-03T17:36:05+00:00
NTRS,20040053557,citation_json,https://ntrs.nasa.gov/api/citations/20040053557,data/raw/ntrs/20040053557/citation.json,34e786b295e27149f1423b659a7c1d5a216f0f2afbe14f984c183dc6f12c2677,4271,2026-10-03T17:36:13+00:00
NTRS,20040053557,pdf,https://ntrs.nasa.gov/api/citations/20040053557/downloads/20040053557.pdf,data/raw/ntrs/20040053557/20040053557.pdf,d237a76afe3aeba50b3ec804522faad75e542c91ceab7b919159edc74c33d3f7,172892,2026-10-03T17:36:13+00:00
NTRS,19890014267,citation_json,https://ntrs.nasa.gov/api/citations/19890014267,data/raw/ntrs/19890014267/citation.json,cd56fa8d7494b9d6ee22626eccf004fc99029157561e8dadf8c6d50b6247abdc,3561,2026-10-03T17:36:18+00:00
NTRS,19890014267,pdf,https://ntrs.nasa.gov/api/citations/19890014267/downloads/19890014267.pdf,data/raw/ntrs/19890014267/19890014267.pdf,9c41fa94782f42d6c2dcc1e341b4f43b95800e7c5513d133c31f60c3e6758bd0,968354,2026-10-03T17:36:18+00:00
NTRS,20150008962,citation_json,https://ntrs.nasa.gov/api/citations/20150008962,data/raw/ntrs/20150008962/citation.json,452e14db7df84fbee6232ff58764a0463f9cf6e4b1ff227a1ee69c9f5a2221db,5778,2026-10-03T17:36:24+00:00
NTRS,20150008962,pdf,https://ntrs.nasa.gov/api/citations/20150008962/downloads/20150008962.pdf,data/raw/ntrs/20150008962/20150008962.pdf,50590fd7e6619203eb75a46f49e83556e6798a53e67869cd52ea89961c692c30,939683,2026-10-03T17:36:24+00:00
NTRS,20170006615,citation_json,https://ntrs.nasa.gov/api/citations/20170006615,data/raw/ntrs/20170006615/citation.json,f2837c4b7f6db249b23fd45b1091c82668baea489da16022005c8a6ebfd30fd0,5188,2026-10-03T17:36:28+00:00
NTRS,20170006615,pdf,https://ntrs.nasa.gov/api/citations/20170006615/downloads/20170006615.pdf,data/raw/ntrs/20170006615/20170006615.pdf,29a712296d31d2eb0c39d001a98d5179650390d65b5a57ddd81cc7afc404db5c,1041363,2026-10-03T17:36:28+00:00
NTRS,20160012691,citation_json,https://ntrs.nasa.gov/api/citations/20160012691,data/raw/ntrs/20160012691/citation.json,20789ad3ccc77a18987aba552d676ceb14e997fd734f97a534443e7305d78379,5071,2026-10-03T17:36:32+00:00
NTRS,20160012691,pdf,https://ntrs.nasa.gov/api/citations/20160012691/downloads/20160012691.pdf,data/raw/ntrs/20160012691/20160012691.pdf,4de8ca03b60fd3ad9aaff928c847da2728b1bf31fde539ec59dead5af85d9b4a,670023,2026-10-03T17:36:32+00:00
NTRS,20140004923,citation_json,https://ntrs.nasa.gov/api/citations/20140004923,data/raw/ntrs/20140004923/citation.json,8ebfe7c9e82cf5175848b96b7c3f8a593dae6bc15cf8fba01883953e1bf3feed,6511,2026-10-03T17:36:36+00:00
NTRS,20140004923,pdf,https://ntrs.nasa.gov/api/citations/20140004923/downloads/20140004923.pdf,data/raw/ntrs/20140004923/20140004923.pdf,c41b8987cbe1717857babaf42c9877481940bcff1523a6e7735579268d29a39c,493217,2026-10-03T17:36:36+00:00
NTRS,20200000361,citation_json,https://ntrs.nasa.gov/api/citations/20200000361,data/raw/ntrs/20200000361/citation.json,e16decd12e64fa85dd9e367736e62c18653f571da32f1cc3b0ff7272c915d0b2,7528,2026-10-03T17:36:39+00:00
NTRS,20200000361,pdf,https://ntrs.nasa.gov/api/citations/20200000361/downloads/20200000361.pdf,data/raw/ntrs/20200000361/20200000361.pdf,dc42805d92fb9073cda48d76b9aa3fdf9fd26b7780d537a9e8e1b73ac433e7b0,2940091,2026-10-03T17:36:39+00:00
NTRS,19970020617,citation_json,https://ntrs.nasa.gov/api/citations/19970020617,data/raw/ntrs/19970020617/citation.json,51b56337e093edcbfc66fb11886c3ae1eab001da0067ece1fa72e75aac6979bd,5563,2026-10-03T17:36:45+00:00
NTRS,19970020617,pdf,https://ntrs.nasa.gov/api/citations/19970020617/downloads/19970020617.pdf,data/raw/ntrs/19970020617/19970020617.pdf,5da4d59494b4c3694c2248e788109bb147dc7c4a61725ed4cdcd8ed1bea7eb43,409846,2026-10-03T17:36:45+00:00
NASA_PSI,PSI_CATALOG_2026,investigations_json,https://psi.nasa.gov/geode-py/ws/repo/search?data_source=psi&size=150,data/raw/psi/psi_investigations.json,bcfdf2903c248cc29c6c7ec80c28703ea2393e45b3f6357887b2ef60fa244752,1065062,2026-10-03T17:40:10+00:00
