asset_index,asset_name,start_time,end_time,duration_sec,segment,purpose
00,00_opener_microgravity_fire,00:00,00:10,10.0,WHO,Non-cliché astronaut reality hook: airtight pressure vessel & duct flames
01,01_nasa_investigation_families,00:10,00:18,8.0,WHO,145 real flight burns across BASS-II / FLEX / SPICE / SAFFIRE / SAME
02,02_team_roster_card,00:18,00:38,20.0,WHO,Team Alpine Ibex Bangladesh (Naim, Mahim, Masum, Muntaha, Hamza, Nahid)
03,03_problem_fragmentation,00:38,00:52,14.0,WHY,145 flight burns locked in 300-page NTRS PDFs & raw spreadsheets
04,04_generic_ai_hallucination,00:52,01:10,18.0,WHY,Generic AI hallucinations vs combustion physics requirements
05,05_five_research_silos,01:10,01:30,20.0,WHY,5 disparate experimental regimes (Solids, Droplets, Gas, Large Scale, Smoke)
06,06_six_step_pipeline,01:30,01:50,20.0,WHAT,FLARE-X 6-step closed loop: Define -> Identify -> Retrieve -> Model -> Guard -> Trace
07,07_specialized_models,01:50,02:05,15.0,WHAT,Family specialized models: BASS-GB (79.31% CV accuracy) + SPICE-FL + FLEX-EX
08,08_experimental_envelope_guard,02:05,02:20,15.0,WHAT,Section 7 Envelope Guard: Zero-extrapolation safety rule
09,09_live_html_support_map,02:20,02:40,20.0,DEMO,Live HTML workbench: 2D Support Map & 145 real spaceflight burns
10,10_live_html_oxygen_sweep,02:40,03:00,20.0,DEMO,Live counterfactual sweep: 21% -> 18% O2 dynamic re-ranking
11,11_live_html_envelope_refusal,03:00,03:20,20.0,DEMO,Flagship abstention moment: 13% O2 sweep triggers safe prediction refusal
12,12_claim_level_provenance,03:20,03:32,12.0,DEMO,Auditable provenance tree linking to primary NASA NTRS & PSI DOIs
13,13_closing_end_card,03:32,03:40,8.0,CLOSE,Mission close: Find the evidence. Know its limits. Space Apps 2026.
